INSERT INTO Department_Info (Department, Staff_count) VALUES
('Gardening', 45),
('Floral', 32),
('Maintenance', 40),
('Irrigation', 28),
('Cleaning', 25),
('Security', 30),
('Plantation', 27),
('Composting', 18),
('Pest Control', 22),
('Greenhouse', 26),
('Landscaping', 33),
('Logistics', 20),
('Water Management', 24),
('Waste Management', 30);


INSERT INTO Supervisor (Supervisor_ID, Name, Department, Shift_time, Salary) VALUES
(1, 'Rajesh Sharma', 'Gardening', 'morning', 32000.00),
(2, 'Priya Patel', 'Gardening', 'evening', 31500.00),
(3, 'Amit Kumar', 'Gardening', 'night', 33000.00),
(4, 'Sunita Singh', 'Floral', 'morning', 30500.00),
(5, 'Vikram Gupta', 'Floral', 'evening', 32500.00),
(6, 'Meera Joshi', 'Floral', 'night', 34000.00),
(7, 'Ravi Verma', 'Maintenance', 'morning', 31000.00),
(8, 'Kavita Rao', 'Maintenance', 'evening', 30000.00),
(9, 'Suresh Reddy', 'Maintenance', 'night', 33500.00),
(10, 'Anita Nair', 'Irrigation', 'morning', 32000.00),
(11, 'Deepak Agarwal', 'Irrigation', 'evening', 34500.00),
(12, 'Pooja Mishra', 'Irrigation', 'night', 31500.00),
(13, 'Manoj Tiwari', 'Cleaning', 'morning', 33000.00),
(14, 'Rekha Pandey', 'Cleaning', 'evening', 32500.00),
(15, 'Ashok Yadav', 'Cleaning', 'night', 30500.00),
(16, 'Sita Devi', 'Security', 'morning', 31000.00),
(17, 'Ramesh Chandra', 'Security', 'evening', 33500.00),
(18, 'Geeta Kumari', 'Security', 'night', 32000.00),
(19, 'Harish Saxena', 'Plantation', 'morning', 34000.00),
(20, 'Lata Bhatt', 'Plantation', 'evening', 31500.00),
(21, 'Dinesh Jain', 'Plantation', 'night', 30000.00),
(22, 'Usha Srivastava', 'Composting', 'morning', 33000.00),
(23, 'Kiran Chopra', 'Composting', 'evening', 32500.00),
(24, 'Mohan Das', 'Composting', 'night', 34500.00),
(25, 'Shanti Bose', 'Pest Control', 'morning', 31000.00),
(26, 'Arjun Mehta', 'Pest Control', 'evening', 32000.00),
(27, 'Neha Kapoor', 'Pest Control', 'night', 33500.00),
(28, 'Rohit Bansal', 'Greenhouse', 'morning', 30500.00),
(29, 'Seema Agarwal', 'Greenhouse', 'evening', 31500.00),
(30, 'Vijay Thakur', 'Greenhouse', 'night', 32500.00),
(31, 'Nisha Gupta', 'Landscaping', 'morning', 34000.00),
(32, 'Raman Singh', 'Landscaping', 'evening', 33000.00),
(33, 'Anjali Yadav', 'Landscaping', 'night', 31000.00),
(34, 'Sunil Joshi', 'Logistics', 'morning', 32500.00),
(35, 'Madhuri Desai', 'Logistics', 'evening', 30000.00),
(36, 'Prakash Tiwari', 'Logistics', 'night', 33500.00),
(37, 'Radha Sharma', 'Water Management', 'morning', 31500.00),
(38, 'Gopal Verma', 'Water Management', 'evening', 32000.00),
(39, 'Kamala Devi', 'Water Management', 'night', 34500.00),
(40, 'Bharat Kumar', 'Waste Management', 'morning', 30500.00),
(41, 'Sushma Rao', 'Waste Management', 'evening', 31000.00),
(42, 'Naresh Pandey', 'Waste Management', 'night', 33000.00);



INSERT INTO Equipment_Info (Equipment_ID, Name, Type, Purchased_Date) VALUES
(1, 'Lawn Mower', 'machine', '2019-03-15'),
(2, 'Garden Shears', 'tool', '2019-05-20'),
(3, 'Soil Moisture Sensor', 'sensor', '2019-07-10'),
(4, 'Mini Tractor', 'vehicle', '2019-09-12'),
(5, 'Drip Irrigation Kit', 'irrigation', '2019-11-08'),
(6, 'Lawn Mower', 'machine', '2020-01-22'),
(7, 'Hedge Trimmer', 'tool', '2020-03-18'),
(8, 'Soil Moisture Sensor', 'sensor', '2020-05-14'),
(9, 'Wheelbarrow', 'vehicle', '2020-07-25'),
(10, 'Water Hose', 'irrigation', '2020-09-30'),
(11, 'Leaf Blower', 'machine', '2020-11-16'),
(12, 'Rake', 'tool', '2020-12-05'),
(13, 'Soil Moisture Sensor', 'sensor', '2021-02-14'),
(14, 'Mini Tractor', 'vehicle', '2021-04-20'),
(15, 'Drip Irrigation Kit', 'irrigation', '2021-06-12'),
(16, 'Chainsaw', 'machine', '2021-08-08'),
(17, 'Garden Fork', 'tool', '2021-10-03'),
(18, 'Soil Moisture Sensor', 'sensor', '2021-12-15'),
(19, 'Wheelbarrow', 'vehicle', '2022-01-28'),
(20, 'Portable Sprayer', 'irrigation', '2022-03-22'),
(21, 'Lawn Mower', 'machine', '2022-05-17'),
(22, 'Weed Remover', 'tool', '2022-07-11'),
(23, 'Soil Moisture Sensor', 'sensor', '2022-09-06'),
(24, 'Mini Tractor', 'vehicle', '2022-11-19'),
(25, 'Lawn Mower', 'machine', '2022-12-24'),
(26, 'Fertilizer Spreader', 'machine', '2023-02-10'),
(27, 'Garden Shears', 'tool', '2023-04-15'),
(28, 'Soil Moisture Sensor', 'sensor', '2023-06-20'),
(29, 'Wheelbarrow', 'vehicle', '2023-08-12'),
(30, 'Water Hose', 'irrigation', '2023-10-05'),
(31, 'Grass Trimmer', 'machine', '2023-11-28'),
(32, 'Garden Fork', 'tool', '2024-01-14'),
(33, 'Soil Moisture Sensor', 'sensor', '2024-03-08'),
(34, 'Mini Tractor', 'vehicle', '2024-05-22'),
(35, 'Drip Irrigation Kit', 'irrigation', '2024-07-16'),
(36, 'Soil Tiller', 'machine', '2024-09-03'),
(37, 'Rake', 'tool', '2024-10-18'),
(38, 'Soil Moisture Sensor', 'sensor', '2024-12-01'),
(39, 'Wheelbarrow', 'vehicle', '2025-01-25'),
(40, 'Portable Sprayer', 'irrigation', '2025-02-28'),
(41, 'Lawn Mower', 'machine', '2019-04-12'),
(42, 'Hedge Trimmer', 'tool', '2019-06-18'),
(43, 'Soil Moisture Sensor', 'sensor', '2019-08-22'),
(44, 'Mini Tractor', 'vehicle', '2019-10-15'),
(45, 'Water Hose', 'irrigation', '2019-12-08'),
(46, 'Leaf Blower', 'machine', '2020-02-14'),
(47, 'Garden Shears', 'tool', '2020-04-20'),
(48, 'Soil Moisture Sensor', 'sensor', '2020-06-25'),
(49, 'Wheelbarrow', 'vehicle', '2020-08-30'),
(50, 'Drip Irrigation Kit', 'irrigation', '2020-10-12'),
(51, 'Mulching Machine', 'machine', '2020-12-18'),
(52, 'Garden Fork', 'tool', '2021-01-22'),
(53, 'Soil Moisture Sensor', 'sensor', '2021-03-28'),
(54, 'Mini Tractor', 'vehicle', '2021-05-15'),
(55, 'Water Hose', 'irrigation', '2021-07-20'),
(56, 'Chainsaw', 'machine', '2021-09-25'),
(57, 'Weed Remover', 'tool', '2021-11-30'),
(58, 'Soil Moisture Sensor', 'sensor', '2022-02-05'),
(59, 'Wheelbarrow', 'vehicle', '2022-04-10'),
(60, 'Portable Sprayer', 'irrigation', '2022-06-15'),
(61, 'Lawn Mower', 'machine', '2022-08-20'),
(62, 'Rake', 'tool', '2022-10-25'),
(63, 'Soil Moisture Sensor', 'sensor', '2022-12-30'),
(64, 'Mini Tractor', 'vehicle', '2023-03-05'),
(65, 'Drip Irrigation Kit', 'irrigation', '2023-05-10'),
(66, 'Grass Trimmer', 'machine', '2023-07-15'),
(67, 'Garden Shears', 'tool', '2023-09-20'),
(68, 'Soil Moisture Sensor', 'sensor', '2023-11-25'),
(69, 'Wheelbarrow', 'vehicle', '2024-01-30'),
(70, 'Water Hose', 'irrigation', '2024-04-05'),
(71, 'Pressure Washer', 'machine', '2024-06-10'),
(72, 'Garden Fork', 'tool', '2024-08-15'),
(73, 'Soil Moisture Sensor', 'sensor', '2024-10-20'),
(74, 'Mini Tractor', 'vehicle', '2024-12-25'),
(75, 'Portable Sprayer', 'irrigation', '2025-03-01'),
(76, 'Lawn Mower', 'machine', '2019-05-08'),
(77, 'Hedge Trimmer', 'tool', '2019-07-13'),
(78, 'Soil Moisture Sensor', 'sensor', '2019-09-18'),
(79, 'Wheelbarrow', 'vehicle', '2019-11-23'),
(80, 'Drip Irrigation Kit', 'irrigation', '2020-01-28'),
(81, 'Compost Mixer', 'machine', '2020-04-02'),
(82, 'Weed Remover', 'tool', '2020-06-07'),
(83, 'Soil Moisture Sensor', 'sensor', '2020-08-12'),
(84, 'Mini Tractor', 'vehicle', '2020-10-17'),
(85, 'Water Hose', 'irrigation', '2020-12-22'),
(86, 'Fertilizer Spreader', 'machine', '2021-02-26'),
(87, 'Garden Shears', 'tool', '2021-05-03'),
(88, 'Soil Moisture Sensor', 'sensor', '2021-07-08'),
(89, 'Wheelbarrow', 'vehicle', '2021-09-13'),
(90, 'Portable Sprayer', 'irrigation', '2021-11-18'),
(91, 'Seed Spreader', 'machine', '2022-01-23'),
(92, 'Rake', 'tool', '2022-03-30'),
(93, 'Soil Moisture Sensor', 'sensor', '2022-06-04'),
(94, 'Mini Tractor', 'vehicle', '2022-08-09'),
(95, 'Drip Irrigation Kit', 'irrigation', '2022-10-14'),
(96, 'Lawn Mower', 'machine', '2022-12-19'),
(97, 'Garden Fork', 'tool', '2023-02-23'),
(98, 'Soil Moisture Sensor', 'sensor', '2023-04-30'),
(99, 'Wheelbarrow', 'vehicle', '2023-07-05'),
(100, 'Water Hose', 'irrigation', '2023-09-10'),
(101, 'Mulching Machine', 'machine', '2023-11-15'),
(102, 'Hedge Trimmer', 'tool', '2024-01-20'),
(103, 'Soil Moisture Sensor', 'sensor', '2024-03-25'),
(104, 'Mini Tractor', 'vehicle', '2024-05-30'),
(105, 'Portable Sprayer', 'irrigation', '2024-08-04'),
(106, 'Chainsaw', 'machine', '2024-10-09'),
(107, 'Garden Shears', 'tool', '2024-12-14'),
(108, 'Soil Moisture Sensor', 'sensor', '2025-02-18'),
(109, 'Wheelbarrow', 'vehicle', '2025-04-25'),
(110, 'Drip Irrigation Kit', 'irrigation', '2019-06-30'),
(111, 'Lawn Mower', 'machine', '2019-08-15'),
(112, 'Weed Remover', 'tool', '2019-10-20'),
(113, 'Soil Moisture Sensor', 'sensor', '2019-12-25'),
(114, 'Mini Tractor', 'vehicle', '2020-03-01'),
(115, 'Water Hose', 'irrigation', '2020-05-06'),
(116, 'Soil Tiller', 'machine', '2020-07-11'),
(117, 'Rake', 'tool', '2020-09-16'),
(118, 'Soil Moisture Sensor', 'sensor', '2020-11-21'),
(119, 'Wheelbarrow', 'vehicle', '2021-01-26'),
(120, 'Portable Sprayer', 'irrigation', '2021-04-02'),
(121, 'Grass Trimmer', 'machine', '2021-06-07'),
(122, 'Garden Fork', 'tool', '2021-08-12'),
(123, 'Soil Moisture Sensor', 'sensor', '2021-10-17'),
(124, 'Mini Tractor', 'vehicle', '2021-12-22'),
(125, 'Drip Irrigation Kit', 'irrigation', '2022-02-27'),
(126, 'Lawn Mower', 'machine', '2022-05-04'),
(127, 'Garden Shears', 'tool', '2022-07-09'),
(128, 'Soil Moisture Sensor', 'sensor', '2022-09-14'),
(129, 'Wheelbarrow', 'vehicle', '2022-11-19'),
(130, 'Water Hose', 'irrigation', '2023-01-24'),
(131, 'Leaf Blower', 'machine', '2023-03-31'),
(132, 'Hedge Trimmer', 'tool', '2023-06-05'),
(133, 'Soil Moisture Sensor', 'sensor', '2023-08-10'),
(134, 'Mini Tractor', 'vehicle', '2023-10-15'),
(135, 'Portable Sprayer', 'irrigation', '2023-12-20'),
(136, 'Pressure Washer', 'machine', '2024-02-24'),
(137, 'Weed Remover', 'tool', '2024-04-30'),
(138, 'Soil Moisture Sensor', 'sensor', '2024-07-05'),
(139, 'Wheelbarrow', 'vehicle', '2024-09-10'),
(140, 'Drip Irrigation Kit', 'irrigation', '2024-11-15'),
(141, 'Lawn Mower', 'machine', '2025-01-20'),
(142, 'Rake', 'tool', '2019-07-25'),
(143, 'Soil Moisture Sensor', 'sensor', '2019-09-30'),
(144, 'Mini Tractor', 'vehicle', '2019-12-05'),
(145, 'Water Hose', 'irrigation', '2020-02-10'),
(146, 'Fertilizer Spreader', 'machine', '2020-04-16'),
(147, 'Garden Fork', 'tool', '2020-06-21'),
(148, 'Soil Moisture Sensor', 'sensor', '2020-08-26'),
(149, 'Wheelbarrow', 'vehicle', '2020-10-31'),
(150, 'Portable Sprayer', 'irrigation', '2021-01-05'),
(151, 'Compost Mixer', 'machine', '2021-03-12'),
(152, 'Garden Shears', 'tool', '2021-05-17'),
(153, 'Soil Moisture Sensor', 'sensor', '2021-07-22'),
(154, 'Mini Tractor', 'vehicle', '2021-09-27'),
(155, 'Drip Irrigation Kit', 'irrigation', '2021-12-02'),
(156, 'Seed Spreader', 'machine', '2022-02-07'),
(157, 'Hedge Trimmer', 'tool', '2022-04-14'),
(158, 'Soil Moisture Sensor', 'sensor', '2022-06-19'),
(159, 'Wheelbarrow', 'vehicle', '2022-08-24'),
(160, 'Water Hose', 'irrigation', '2022-10-29'),
(161, 'Lawn Mower', 'machine', '2023-01-03'),
(162, 'Weed Remover', 'tool', '2023-03-10'),
(163, 'Soil Moisture Sensor', 'sensor', '2023-05-15'),
(164, 'Mini Tractor', 'vehicle', '2023-07-20'),
(165, 'Portable Sprayer', 'irrigation', '2023-09-25'),
(166, 'Mulching Machine', 'machine', '2023-11-30'),
(167, 'Rake', 'tool', '2024-02-04'),
(168, 'Soil Moisture Sensor', 'sensor', '2024-04-11'),
(169, 'Wheelbarrow', 'vehicle', '2024-06-16'),
(170, 'Drip Irrigation Kit', 'irrigation', '2024-08-21'),
(171, 'Grass Trimmer', 'machine', '2024-10-26'),
(172, 'Garden Fork', 'tool', '2024-12-31'),
(173, 'Soil Moisture Sensor', 'sensor', '2025-03-07'),
(174, 'Mini Tractor', 'vehicle', '2019-08-12'),
(175, 'Water Hose', 'irrigation', '2019-10-17'),
(176, 'Lawn Mower', 'machine', '2019-12-22'),
(177, 'Garden Shears', 'tool', '2020-02-27'),
(178, 'Soil Moisture Sensor', 'sensor', '2020-05-03'),
(179, 'Wheelbarrow', 'vehicle', '2020-07-08'),
(180, 'Portable Sprayer', 'irrigation', '2020-09-13'),
(181, 'Chainsaw', 'machine', '2020-11-18'),
(182, 'Hedge Trimmer', 'tool', '2021-01-23'),
(183, 'Soil Moisture Sensor', 'sensor', '2021-03-30'),
(184, 'Mini Tractor', 'vehicle', '2021-06-04'),
(185, 'Drip Irrigation Kit', 'irrigation', '2021-08-09'),
(186, 'Soil Tiller', 'machine', '2021-10-14'),
(187, 'Weed Remover', 'tool', '2021-12-19'),
(188, 'Soil Moisture Sensor', 'sensor', '2022-02-23'),
(189, 'Wheelbarrow', 'vehicle', '2022-04-30'),
(190, 'Water Hose', 'irrigation', '2022-07-05'),
(191, 'Lawn Mower', 'machine', '2022-09-10'),
(192, 'Rake', 'tool', '2022-11-15'),
(193, 'Soil Moisture Sensor', 'sensor', '2023-01-20'),
(194, 'Mini Tractor', 'vehicle', '2023-03-27'),
(195, 'Portable Sprayer', 'irrigation', '2023-06-01'),
(196, 'Leaf Blower', 'machine', '2023-08-06'),
(197, 'Garden Fork', 'tool', '2023-10-11'),
(198, 'Soil Moisture Sensor', 'sensor', '2023-12-16'),
(199, 'Wheelbarrow', 'vehicle', '2024-02-21'),
(200, 'Drip Irrigation Kit', 'irrigation', '2024-04-27'),
(201, 'Pressure Washer', 'machine', '2024-07-02'),
(202, 'Garden Shears', 'tool', '2024-09-07'),
(203, 'Soil Moisture Sensor', 'sensor', '2024-11-12'),
(204, 'Mini Tractor', 'vehicle', '2025-01-17'),
(205, 'Water Hose', 'irrigation', '2019-09-22'),
(206, 'Lawn Mower', 'machine', '2019-11-27'),
(207, 'Hedge Trimmer', 'tool', '2020-01-02'),
(208, 'Soil Moisture Sensor', 'sensor', '2020-03-08'),
(209, 'Wheelbarrow', 'vehicle', '2020-05-13'),
(210, 'Portable Sprayer', 'irrigation', '2020-07-18'),
(211, 'Fertilizer Spreader', 'machine', '2020-09-23'),
(212, 'Weed Remover', 'tool', '2020-11-28'),
(213, 'Soil Moisture Sensor', 'sensor', '2021-02-02'),
(214, 'Mini Tractor', 'vehicle', '2021-04-09'),
(215, 'Drip Irrigation Kit', 'irrigation', '2021-06-14'),
(216, 'Grass Trimmer', 'machine', '2021-08-19'),
(217, 'Rake', 'tool', '2021-10-24'),
(218, 'Soil Moisture Sensor', 'sensor', '2021-12-29'),
(219, 'Wheelbarrow', 'vehicle', '2022-03-05'),
(220, 'Water Hose', 'irrigation', '2022-05-10'),
(221, 'Lawn Mower', 'machine', '2022-07-15'),
(222, 'Garden Fork', 'tool', '2022-09-20'),
(223, 'Soil Moisture Sensor', 'sensor', '2022-11-25'),
(224, 'Mini Tractor', 'vehicle', '2023-01-30'),
(225, 'Portable Sprayer', 'irrigation', '2023-04-06'),
(226, 'Compost Mixer', 'machine', '2023-06-11'),
(227, 'Garden Shears', 'tool', '2023-08-16'),
(228, 'Soil Moisture Sensor', 'sensor', '2023-10-21'),
(229, 'Wheelbarrow', 'vehicle', '2023-12-26'),
(230, 'Drip Irrigation Kit', 'irrigation', '2024-03-02'),
(231, 'Mulching Machine', 'machine', '2024-05-07'),
(232, 'Hedge Trimmer', 'tool', '2024-07-12'),
(233, 'Soil Moisture Sensor', 'sensor', '2024-09-17'),
(234, 'Mini Tractor', 'vehicle', '2024-11-22'),
(235, 'Water Hose', 'irrigation', '2025-01-27'),
(236, 'Lawn Mower', 'machine', '2019-10-04'),
(237, 'Weed Remover', 'tool', '2019-12-09'),
(238, 'Soil Moisture Sensor', 'sensor', '2020-02-14'),
(239, 'Wheelbarrow', 'vehicle', '2020-04-20'),
(240, 'Portable Sprayer', 'irrigation', '2020-06-25'),
(241, 'Seed Spreader', 'machine', '2020-08-30'),
(242, 'Rake', 'tool', '2020-11-04'),
(243, 'Soil Moisture Sensor', 'sensor', '2021-01-09'),
(244, 'Mini Tractor', 'vehicle', '2021-03-16'),
(245, 'Drip Irrigation Kit', 'irrigation', '2021-05-21'),
(246, 'Chainsaw', 'machine', '2021-07-26'),
(247, 'Garden Fork', 'tool', '2021-09-30'),
(248, 'Soil Moisture Sensor', 'sensor', '2021-12-05'),
(249, 'Wheelbarrow', 'vehicle', '2022-02-10'),
(250, 'Water Hose', 'irrigation', '2022-04-17'),
(251, 'Lawn Mower', 'machine', '2022-06-22'),
(252, 'Garden Shears', 'tool', '2022-08-27'),
(253, 'Soil Moisture Sensor', 'sensor', '2022-11-01'),
(254, 'Mini Tractor', 'vehicle', '2023-01-06'),
(255, 'Portable Sprayer', 'irrigation', '2023-03-13'),
(256, 'Soil Tiller', 'machine', '2023-05-18'),
(257, 'Hedge Trimmer', 'tool', '2023-07-23'),
(258, 'Soil Moisture Sensor', 'sensor', '2023-09-28'),
(259, 'Wheelbarrow', 'vehicle', '2023-12-03'),
(260, 'Drip Irrigation Kit', 'irrigation', '2024-02-08'),
(261, 'Leaf Blower', 'machine', '2024-04-15'),
(262, 'Weed Remover', 'tool', '2024-06-20'),
(263, 'Soil Moisture Sensor', 'sensor', '2024-08-25'),
(264, 'Mini Tractor', 'vehicle', '2024-10-30'),
(265, 'Water Hose', 'irrigation', '2025-01-04'),
(266, 'Lawn Mower', 'machine', '2019-11-09'),
(267, 'Rake', 'tool', '2020-01-14'),
(268, 'Soil Moisture Sensor', 'sensor', '2020-03-20'),
(269, 'Wheelbarrow', 'vehicle', '2020-05-25'),
(270, 'Portable Sprayer', 'irrigation', '2020-07-30'),
(271, 'Pressure Washer', 'machine', '2020-10-04'),
(272, 'Garden Fork', 'tool', '2020-12-09'),
(273, 'Soil Moisture Sensor', 'sensor', '2021-02-14'),
(274, 'Mini Tractor', 'vehicle', '2021-04-21'),
(275, 'Drip Irrigation Kit', 'irrigation', '2021-06-26'),
(276, 'Fertilizer Spreader', 'machine', '2021-09-01'),
(277, 'Garden Shears', 'tool', '2021-11-06'),
(278, 'Soil Moisture Sensor', 'sensor', '2022-01-11'),
(279, 'Wheelbarrow', 'vehicle', '2022-03-18'),
(280, 'Water Hose', 'irrigation', '2022-05-23'),
(281, 'Lawn Mower', 'machine', '2022-07-28'),
(282, 'Hedge Trimmer', 'tool', '2022-10-02'),
(283, 'Soil Moisture Sensor', 'sensor', '2022-12-07'),
(284, 'Mini Tractor', 'vehicle', '2023-02-12'),
(285, 'Portable Sprayer', 'irrigation', '2023-04-19'),
(286, 'Grass Trimmer', 'machine', '2023-06-24'),
(287, 'Weed Remover', 'tool', '2023-08-29'),
(288, 'Soil Moisture Sensor', 'sensor', '2023-11-03'),
(289, 'Wheelbarrow', 'vehicle', '2024-01-08'),
(290, 'Drip Irrigation Kit', 'irrigation', '2024-03-15'),
(291, 'Compost Mixer', 'machine', '2024-05-20'),
(292, 'Rake', 'tool', '2024-07-25'),
(293, 'Soil Moisture Sensor', 'sensor', '2024-09-30'),
(294, 'Mini Tractor', 'vehicle', '2024-12-05'),
(295, 'Water Hose', 'irrigation', '2025-02-10'),
(296, 'Lawn Mower', 'machine', '2019-12-15'),
(297, 'Garden Fork', 'tool', '2020-02-20'),
(298, 'Soil Moisture Sensor', 'sensor', '2020-04-26'),
(299, 'Wheelbarrow', 'vehicle', '2020-07-01'),
(300, 'Portable Sprayer', 'irrigation', '2020-09-06'),
(301, 'Mulching Machine', 'machine', '2020-11-11'),
(302, 'Garden Shears', 'tool', '2021-01-16'),
(303, 'Soil Moisture Sensor', 'sensor', '2021-03-23'),
(304, 'Mini Tractor', 'vehicle', '2021-05-28'),
(305, 'Drip Irrigation Kit', 'irrigation', '2021-08-02'),
(306, 'Seed Spreader', 'machine', '2021-10-07'),
(307, 'Hedge Trimmer', 'tool', '2021-12-12'),
(308, 'Soil Moisture Sensor', 'sensor', '2022-02-17'),
(309, 'Wheelbarrow', 'vehicle', '2022-04-24'),
(310, 'Water Hose', 'irrigation', '2022-06-29'),
(311, 'Lawn Mower', 'machine', '2022-09-04'),
(312, 'Weed Remover', 'tool', '2022-11-09'),
(313, 'Soil Moisture Sensor', 'sensor', '2023-01-14'),
(314, 'Mini Tractor', 'vehicle', '2023-03-21'),
(315, 'Portable Sprayer', 'irrigation', '2023-05-26'),
(316, 'Chainsaw', 'machine', '2023-07-31'),
(317, 'Rake', 'tool', '2023-10-05'),
(318, 'Soil Moisture Sensor', 'sensor', '2023-12-10'),
(319, 'Wheelbarrow', 'vehicle', '2024-02-15'),
(320, 'Drip Irrigation Kit', 'irrigation', '2024-04-21'),
(321, 'Soil Tiller', 'machine', '2024-06-26'),
(322, 'Garden Fork', 'tool', '2024-09-01'),
(323, 'Soil Moisture Sensor', 'sensor', '2024-11-06'),
(324, 'Mini Tractor', 'vehicle', '2025-01-11'),
(325, 'Water Hose', 'irrigation', '2019-01-16'),
(326, 'Lawn Mower', 'machine', '2019-03-23'),
(327, 'Garden Shears', 'tool', '2019-05-28'),
(328, 'Soil Moisture Sensor', 'sensor', '2019-08-02'),
(329, 'Wheelbarrow', 'vehicle', '2019-10-07'),
(330, 'Portable Sprayer', 'irrigation', '2019-12-12'),
(331, 'Leaf Blower', 'machine', '2020-02-17'),
(332, 'Hedge Trimmer', 'tool', '2020-04-23'),
(333, 'Soil Moisture Sensor', 'sensor', '2020-06-28'),
(334, 'Mini Tractor', 'vehicle', '2020-09-02'),
(335, 'Drip Irrigation Kit', 'irrigation', '2020-11-07'),
(336, 'Pressure Washer', 'machine', '2021-01-12'),
(337, 'Weed Remover', 'tool', '2021-03-19'),
(338, 'Soil Moisture Sensor', 'sensor', '2021-05-24'),
(339, 'Wheelbarrow', 'vehicle', '2021-07-29'),
(340, 'Water Hose', 'irrigation', '2021-10-03'),
(341, 'Lawn Mower', 'machine', '2021-12-08'),
(342, 'Rake', 'tool', '2022-02-13'),
(343, 'Soil Moisture Sensor', 'sensor', '2022-04-20'),
(344, 'Mini Tractor', 'vehicle', '2022-06-25'),
(345, 'Portable Sprayer', 'irrigation', '2022-08-30'),
(346, 'Fertilizer Spreader', 'machine', '2022-11-04'),
(347, 'Garden Fork', 'tool', '2023-01-09'),
(348, 'Soil Moisture Sensor', 'sensor', '2023-03-16'),
(349, 'Wheelbarrow', 'vehicle', '2023-05-21'),
(350, 'Drip Irrigation Kit', 'irrigation', '2023-07-26'),
(351, 'Grass Trimmer', 'machine', '2023-09-30'),
(352, 'Garden Shears', 'tool', '2023-12-05'),
(353, 'Soil Moisture Sensor', 'sensor', '2024-02-10'),
(354, 'Mini Tractor', 'vehicle', '2024-04-16'),
(355, 'Water Hose', 'irrigation', '2024-06-21'),
(356, 'Compost Mixer', 'machine', '2024-08-26'),
(357, 'Hedge Trimmer', 'tool', '2024-10-31'),
(358, 'Soil Moisture Sensor', 'sensor', '2025-01-05'),
(359, 'Wheelbarrow', 'vehicle', '2019-02-10'),
(360, 'Portable Sprayer', 'irrigation', '2019-04-15'),
(361, 'Lawn Mower', 'machine', '2019-06-20'),
(362, 'Weed Remover', 'tool', '2019-08-25'),
(363, 'Soil Moisture Sensor', 'sensor', '2019-10-30'),
(364, 'Mini Tractor', 'vehicle', '2020-01-04'),
(365, 'Drip Irrigation Kit', 'irrigation', '2020-03-10'),
(366, 'Mulching Machine', 'machine', '2020-05-15'),
(367, 'Rake', 'tool', '2020-07-20'),
(368, 'Soil Moisture Sensor', 'sensor', '2020-09-25'),
(369, 'Wheelbarrow', 'vehicle', '2020-11-30'),
(370, 'Water Hose', 'irrigation', '2021-02-04'),
(371, 'Seed Spreader', 'machine', '2021-04-11'),
(372, 'Garden Fork', 'tool', '2021-06-16'),
(373, 'Soil Moisture Sensor', 'sensor', '2021-08-21'),
(374, 'Mini Tractor', 'vehicle', '2021-10-26'),
(375, 'Portable Sprayer', 'irrigation', '2021-12-31'),
(376, 'Chainsaw', 'machine', '2022-03-07'),
(377, 'Garden Shears', 'tool', '2022-05-12'),
(378, 'Soil Moisture Sensor', 'sensor', '2022-07-17'),
(379, 'Wheelbarrow', 'vehicle', '2022-09-22'),
(380, 'Drip Irrigation Kit', 'irrigation', '2022-11-27'),
(381, 'Lawn Mower', 'machine', '2023-02-01'),
(382, 'Hedge Trimmer', 'tool', '2023-04-08'),
(383, 'Soil Moisture Sensor', 'sensor', '2023-06-13'),
(384, 'Mini Tractor', 'vehicle', '2023-08-18'),
(385, 'Water Hose', 'irrigation', '2023-10-23'),
(386, 'Soil Tiller', 'machine', '2023-12-28'),
(387, 'Weed Remover', 'tool', '2024-03-04'),
(388, 'Soil Moisture Sensor', 'sensor', '2024-05-09'),
(389, 'Wheelbarrow', 'vehicle', '2024-07-14'),
(390, 'Portable Sprayer', 'irrigation', '2024-09-19'),
(391, 'Leaf Blower', 'machine', '2024-11-24'),
(392, 'Rake', 'tool', '2025-01-29'),
(393, 'Soil Moisture Sensor', 'sensor', '2019-03-06'),
(394, 'Mini Tractor', 'vehicle', '2019-05-11'),
(395, 'Drip Irrigation Kit', 'irrigation', '2019-07-16'),
(396, 'Pressure Washer', 'machine', '2019-09-21'),
(397, 'Garden Fork', 'tool', '2019-11-26'),
(398, 'Soil Moisture Sensor', 'sensor', '2020-01-31'),
(399, 'Wheelbarrow', 'vehicle', '2020-04-06'),
(400, 'Water Hose', 'irrigation', '2020-06-11') ,
(401, 'Lawn Mower', 'machine', '2024-01-15'),
(402, 'Garden Shears', 'tool', '2024-02-20'),
(403, 'Soil Moisture Sensor', 'sensor', '2024-03-25'),
(404, 'Mini Tractor', 'vehicle', '2024-04-30'),
(405, 'Drip Irrigation Kit', 'irrigation', '2024-06-05'),
(406, 'Fertilizer Spreader', 'machine', '2024-07-10'),
(407, 'Hedge Trimmer', 'tool', '2024-08-15'),
(408, 'Soil Moisture Sensor', 'sensor', '2024-09-20'),
(409, 'Wheelbarrow', 'vehicle', '2024-10-25'),
(410, 'Water Hose', 'irrigation', '2024-11-30'),
(411, 'Grass Trimmer', 'machine', '2024-12-05'),
(412, 'Rake', 'tool', '2025-01-10'),
(413, 'Soil Moisture Sensor', 'sensor', '2025-02-15'),
(414, 'Mini Tractor', 'vehicle', '2025-03-20'),
(415, 'Portable Sprayer', 'irrigation', '2025-04-25'),
(416, 'Chainsaw', 'machine', '2025-05-30'),
(417, 'Garden Fork', 'tool', '2025-07-05'),
(418, 'Soil Moisture Sensor', 'sensor', '2025-08-10'),
(419, 'Wheelbarrow', 'vehicle', '2025-09-15'),
(420, 'Drip Irrigation Kit', 'irrigation', '2025-10-20'),
(421, 'Leaf Blower', 'machine', '2024-01-25'),
(422, 'Weed Remover', 'tool', '2024-03-02'),
(423, 'Soil Moisture Sensor', 'sensor', '2024-04-07'),
(424, 'Mini Tractor', 'vehicle', '2024-05-12'),
(425, 'Water Hose', 'irrigation', '2024-06-17'),
(426, 'Mulching Machine', 'machine', '2024-07-22'),
(427, 'Garden Shears', 'tool', '2024-08-27'),
(428, 'Soil Moisture Sensor', 'sensor', '2024-10-01'),
(429, 'Wheelbarrow', 'vehicle', '2024-11-06'),
(430, 'Portable Sprayer', 'irrigation', '2024-12-11'),
(431, 'Soil Tiller', 'machine', '2025-01-16'),
(432, 'Hedge Trimmer', 'tool', '2025-02-21'),
(433, 'Soil Moisture Sensor', 'sensor', '2025-03-28'),
(434, 'Mini Tractor', 'vehicle', '2025-05-03'),
(435, 'Drip Irrigation Kit', 'irrigation', '2025-06-08'),
(436, 'Pressure Washer', 'machine', '2024-02-13'),
(437, 'Rake', 'tool', '2024-03-18'),
(438, 'Soil Moisture Sensor', 'sensor', '2024-04-23'),
(439, 'Wheelbarrow', 'vehicle', '2024-05-28'),
(440, 'Water Hose', 'irrigation', '2024-07-03'),
(441, 'Compost Mixer', 'machine', '2024-08-08'),
(442, 'Garden Fork', 'tool', '2024-09-13'),
(443, 'Soil Moisture Sensor', 'sensor', '2024-10-18'),
(444, 'Mini Tractor', 'vehicle', '2024-11-23'),
(445, 'Portable Sprayer', 'irrigation', '2024-12-28'),
(446, 'Seed Spreader', 'machine', '2025-02-02'),
(447, 'Weed Remover', 'tool', '2025-03-09'),
(448, 'Soil Moisture Sensor', 'sensor', '2025-04-14'),
(449, 'Wheelbarrow', 'vehicle', '2025-05-19'),
(450, 'Drip Irrigation Kit', 'irrigation', '2025-06-24') ,
(451, 'Lawn Mower', 'machine', '2025-01-05'),
(452, 'Garden Shears', 'tool', '2025-01-12'),
(453, 'Soil Moisture Sensor', 'sensor', '2025-01-19'),
(454, 'Mini Tractor', 'vehicle', '2025-01-26'),
(455, 'Water Hose', 'irrigation', '2025-02-02'),
(456, 'Fertilizer Spreader', 'machine', '2025-02-09'),
(457, 'Hedge Trimmer', 'tool', '2025-02-16'),
(458, 'Soil Moisture Sensor', 'sensor', '2025-02-23'),
(459, 'Wheelbarrow', 'vehicle', '2025-03-02'),
(460, 'Portable Sprayer', 'irrigation', '2025-03-09'),
(461, 'Grass Trimmer', 'machine', '2025-03-16'),
(462, 'Rake', 'tool', '2025-03-23'),
(463, 'Soil Moisture Sensor', 'sensor', '2025-03-30'),
(464, 'Mini Tractor', 'vehicle', '2025-04-06'),
(465, 'Drip Irrigation Kit', 'irrigation', '2025-04-13'),
(466, 'Chainsaw', 'machine', '2025-04-20'),
(467, 'Garden Fork', 'tool', '2025-04-27'),
(468, 'Soil Moisture Sensor', 'sensor', '2025-05-04'),
(469, 'Wheelbarrow', 'vehicle', '2025-05-11'),
(470, 'Water Hose', 'irrigation', '2025-05-18'),
(471, 'Leaf Blower', 'machine', '2025-05-25'),
(472, 'Weed Remover', 'tool', '2025-06-01'),
(473, 'Soil Moisture Sensor', 'sensor', '2025-06-08'),
(474, 'Mini Tractor', 'vehicle', '2025-06-15'),
(475, 'Portable Sprayer', 'irrigation', '2025-06-22'),
(476, 'Mulching Machine', 'machine', '2025-06-29'),
(477, 'Garden Shears', 'tool', '2025-07-06'),
(478, 'Soil Moisture Sensor', 'sensor', '2025-07-13'),
(479, 'Wheelbarrow', 'vehicle', '2025-07-20'),
(480, 'Drip Irrigation Kit', 'irrigation', '2025-07-27'),
(481, 'Soil Tiller', 'machine', '2025-08-03'),
(482, 'Hedge Trimmer', 'tool', '2025-08-10'),
(483, 'Soil Moisture Sensor', 'sensor', '2025-08-17'),
(484, 'Mini Tractor', 'vehicle', '2025-08-24'),
(485, 'Water Hose', 'irrigation', '2025-08-31'),
(486, 'Pressure Washer', 'machine', '2025-09-07'),
(487, 'Rake', 'tool', '2025-09-14'),
(488, 'Soil Moisture Sensor', 'sensor', '2025-09-21'),
(489, 'Wheelbarrow', 'vehicle', '2025-09-28'),
(490, 'Portable Sprayer', 'irrigation', '2025-10-05'),
(491, 'Compost Mixer', 'machine', '2025-10-12'),
(492, 'Garden Fork', 'tool', '2025-10-19'),
(493, 'Soil Moisture Sensor', 'sensor', '2025-10-26'),
(494, 'Mini Tractor', 'vehicle', '2025-11-02'),
(495, 'Drip Irrigation Kit', 'irrigation', '2025-11-09'),
(496, 'Seed Spreader', 'machine', '2025-11-16'),
(497, 'Weed Remover', 'tool', '2025-11-23'),
(498, 'Soil Moisture Sensor', 'sensor', '2025-11-30'),
(499, 'Wheelbarrow', 'vehicle', '2025-12-07'),
(500, 'Water Hose', 'irrigation', '2025-12-14'),
(501, 'Lawn Mower', 'machine', '2025-01-08'),
(502, 'Garden Shears', 'tool', '2025-01-15'),
(503, 'Soil Moisture Sensor', 'sensor', '2025-01-22'),
(504, 'Mini Tractor', 'vehicle', '2025-01-29'),
(505, 'Portable Sprayer', 'irrigation', '2025-02-05'),
(506, 'Fertilizer Spreader', 'machine', '2025-02-12'),
(507, 'Hedge Trimmer', 'tool', '2025-02-19'),
(508, 'Soil Moisture Sensor', 'sensor', '2025-02-26'),
(509, 'Wheelbarrow', 'vehicle', '2025-03-05'),
(510, 'Drip Irrigation Kit', 'irrigation', '2025-03-12'),
(511, 'Grass Trimmer', 'machine', '2025-03-19'),
(512, 'Rake', 'tool', '2025-03-26'),
(513, 'Soil Moisture Sensor', 'sensor', '2025-04-02'),
(514, 'Mini Tractor', 'vehicle', '2025-04-09'),
(515, 'Water Hose', 'irrigation', '2025-04-16'),
(516, 'Chainsaw', 'machine', '2025-04-23'),
(517, 'Garden Fork', 'tool', '2025-04-30'),
(518, 'Soil Moisture Sensor', 'sensor', '2025-05-07'),
(519, 'Wheelbarrow', 'vehicle', '2025-05-14'),
(520, 'Portable Sprayer', 'irrigation', '2025-05-21'),
(521, 'Leaf Blower', 'machine', '2025-05-28'),
(522, 'Weed Remover', 'tool', '2025-06-04'),
(523, 'Soil Moisture Sensor', 'sensor', '2025-06-11'),
(524, 'Mini Tractor', 'vehicle', '2025-06-18'),
(525, 'Drip Irrigation Kit', 'irrigation', '2025-06-25'),
(526, 'Mulching Machine', 'machine', '2025-07-02'),
(527, 'Garden Shears', 'tool', '2025-07-09'),
(528, 'Soil Moisture Sensor', 'sensor', '2025-07-16'),
(529, 'Wheelbarrow', 'vehicle', '2025-07-23'),
(530, 'Water Hose', 'irrigation', '2025-07-30'),
(531, 'Soil Tiller', 'machine', '2025-08-06'),
(532, 'Hedge Trimmer', 'tool', '2025-08-13'),
(533, 'Soil Moisture Sensor', 'sensor', '2025-08-20'),
(534, 'Mini Tractor', 'vehicle', '2025-08-27'),
(535, 'Portable Sprayer', 'irrigation', '2025-09-03'),
(536, 'Pressure Washer', 'machine', '2025-09-10'),
(537, 'Rake', 'tool', '2025-09-17'),
(538, 'Soil Moisture Sensor', 'sensor', '2025-09-24'),
(539, 'Wheelbarrow', 'vehicle', '2025-10-01'),
(540, 'Drip Irrigation Kit', 'irrigation', '2025-10-08'),
(541, 'Compost Mixer', 'machine', '2025-10-15'),
(542, 'Garden Fork', 'tool', '2025-10-22'),
(543, 'Soil Moisture Sensor', 'sensor', '2025-10-29'),
(544, 'Mini Tractor', 'vehicle', '2025-11-05'),
(545, 'Water Hose', 'irrigation', '2025-11-12'),
(546, 'Seed Spreader', 'machine', '2025-11-19'),
(547, 'Weed Remover', 'tool', '2025-11-26'),
(548, 'Soil Moisture Sensor', 'sensor', '2025-12-03'),
(549, 'Wheelbarrow', 'vehicle', '2025-12-10'),
(550, 'Portable Sprayer', 'irrigation', '2025-12-17');




INSERT INTO Gardening_Staff_Info (Staff_ID, Supervisor_ID, Name) VALUES
(1, 1, 'Aarav Sharma'),
(2, 2, 'Vivaan Singh'),
(3, 3, 'Aditya Kumar'),
(4, 4, 'Vihaan Patel'),
(5, 5, 'Arjun Gupta'),
(6, 6, 'Sai Rao'),
(7, 7, 'Reyansh Joshi'),
(8, 8, 'Ayaan Nair'),
(9, 9, 'Krishna Verma'),
(10, 10, 'Ishaan Desai'),
(11, 11, 'Shaurya Reddy'),
(12, 12, 'Atharv Mishra'),
(13, 13, 'Advik Agarwal'),
(14, 14, 'Pranav Devi'),
(15, 15, 'Vedant Tiwari'),
(16, 16, 'Kabir Sharma'),
(17, 17, 'Yuvaan Verma'),
(18, 18, 'Shivansh Devi'),
(19, 19, 'Dhruv Kumar'),
(20, 20, 'Arnav Rao'),
(21, 21, 'Kian Pandey'),
(22, 22, 'Rudra Bhatt'),
(23, 23, 'Ahaan Jain'),
(24, 24, 'Veer Srivastava'),
(25, 25, 'Aarush Chopra'),
(26, 26, 'Advait Das'),
(27, 27, 'Ranveer Bose'),
(28, 28, 'Shlok Mehta'),
(29, 29, 'Agastya Kapoor'),
(30, 30, 'Ojas Bansal'),
(31, 31, 'Parth Agarwal'),
(32, 32, 'Krish Thakur'),
(33, 33, 'Aadhav Gupta'),
(34, 34, 'Aryan Singh'),
(35, 35, 'Ayush Yadav'),
(36, 36, 'Daksh Joshi'),
(37, 37, 'Divyansh Desai'),
(38, 38, 'Garvit Tiwari'),
(39, 39, 'Harsh Pandey'),
(40, 40, 'Ishan Yadav'),
(41, 41, 'Jivesh Chandra'),
(42, 42, 'Karthik Kumari'),
(43, 1, 'Laksh Saxena'),
(44, 2, 'Manav Bhatt'),
(45, 3, 'Naman Jain'),
(46, 4, 'Om Srivastava'),
(47, 5, 'Piyush Chopra'),
(48, 6, 'Raghav Das'),
(49, 7, 'Samarth Bose'),
(50, 8, 'Tanish Mehta'),
(51, 9, 'Utkarsh Kapoor'),
(52, 10, 'Varun Bansal'),
(53, 11, 'Yash Agarwal'),
(54, 12, 'Zain Thakur'),
(55, 13, 'Abhay Gupta'),
(56, 14, 'Bhavya Singh'),
(57, 15, 'Chirag Yadav'),
(58, 16, 'Devansh Joshi'),
(59, 17, 'Eshaan Desai'),
(60, 18, 'Faiz Tiwari'),
(61, 19, 'Gaurav Pandey'),
(62, 20, 'Hitesh Yadav'),
(63, 21, 'Ishwar Chandra'),
(64, 22, 'Jatin Kumari'),
(65, 23, 'Kush Saxena'),
(66, 24, 'Lavish Bhatt'),
(67, 25, 'Mohit Jain'),
(68, 26, 'Nikhil Srivastava'),
(69, 27, 'Ojas Chopra'),
(70, 28, 'Pranay Das'),
(71, 29, 'Qasim Bose'),
(72, 30, 'Rohan Mehta'),
(73, 31, 'Sahil Kapoor'),
(74, 32, 'Tarun Bansal'),
(75, 33, 'Uday Agarwal'),
(76, 34, 'Vikas Thakur'),
(77, 35, 'Wasim Gupta'),
(78, 36, 'Yatin Singh'),
(79, 37, 'Zaid Yadav'),
(80, 38, 'Aakash Joshi'),
(81, 39, 'Bhuvan Desai'),
(82, 40, 'Chetan Tiwari'),
(83, 41, 'Deepak Pandey'),
(84, 42, 'Eshan Yadav'),
(85, 1, 'Falak Chandra'),
(86, 2, 'Girish Kumari'),
(87, 3, 'Hemant Saxena'),
(88, 4, 'Indra Bhatt'),
(89, 5, 'Jagan Jain'),
(90, 6, 'Karan Srivastava'),
(91, 7, 'Lalit Chopra'),
(92, 8, 'Manan Das'),
(93, 9, 'Naveen Bose'),
(94, 10, 'Omkar Mehta'),
(95, 11, 'Pawan Kapoor'),
(96, 12, 'Quinton Bansal'),
(97, 13, 'Rajat Agarwal'),
(98, 14, 'Sumit Thakur'),
(99, 15, 'Tushar Gupta'),
(100, 16, 'Ujjwal Singh'),
(101, 17, 'Vikash Yadav'),
(102, 18, 'Waqar Joshi'),
(103, 19, 'Yuvraj Desai'),
(104, 20, 'Zahir Tiwari'),
(105, 21, 'Abhishek Pandey'),
(106, 22, 'Bharat Yadav'),
(107, 23, 'Chandra Chandra'),
(108, 24, 'Dhanush Kumari'),
(109, 25, 'Ekta Saxena'),
(110, 26, 'Firoz Bhatt'),
(111, 27, 'Gopal Jain'),
(112, 28, 'Harish Srivastava'),
(113, 29, 'Imran Chopra'),
(114, 30, 'Jagdish Das'),
(115, 31, 'Kamal Bose'),
(116, 32, 'Laxman Mehta'),
(117, 33, 'Mahesh Kapoor'),
(118, 34, 'Naresh Bansal'),
(119, 35, 'Omprakash Agarwal'),
(120, 36, 'Pradeep Thakur'),
(121, 37, 'Qureshi Gupta'),
(122, 38, 'Ramesh Singh'),
(123, 39, 'Suresh Yadav'),
(124, 40, 'Tilak Joshi'),
(125, 41, 'Umesh Desai'),
(126, 42, 'Vinod Tiwari'),
(127, 1, 'Waris Pandey'),
(128, 2, 'Yogesh Yadav'),
(129, 3, 'Zakir Chandra'),
(130, 4, 'Ankit Kumari'),
(131, 5, 'Brijesh Saxena'),
(132, 6, 'Chandan Bhatt'),
(133, 7, 'Dinesh Jain'),
(134, 8, 'Eknath Srivastava'),
(135, 9, 'Faisal Chopra'),
(136, 10, 'Ganesh Das'),
(137, 11, 'Hariom Bose'),
(138, 12, 'Irfan Mehta'),
(139, 13, 'Jitendra Kapoor'),
(140, 14, 'Kuldeep Bansal'),
(141, 15, 'Lokesh Agarwal'),
(142, 16, 'Mukesh Thakur'),
(143, 17, 'Nitesh Gupta'),
(144, 18, 'Onkar Singh'),
(145, 19, 'Prakash Yadav'),
(146, 20, 'Qadir Joshi'),
(147, 21, 'Ravi Desai'),
(148, 22, 'Santosh Tiwari'),
(149, 23, 'Talib Pandey'),
(150, 24, 'Upendra Yadav'),
(151, 25, 'Vijay Chandra'),
(152, 26, 'Waseem Kumari'),
(153, 27, 'Yashpal Saxena'),
(154, 28, 'Zubair Bhatt'),
(155, 29, 'Ashok Jain'),
(156, 30, 'Bimal Srivastava'),
(157, 31, 'Chandrakant Chopra'),
(158, 32, 'Dharmendra Das'),
(159, 33, 'Ejaz Bose'),
(160, 34, 'Farooque Mehta'),
(161, 35, 'Ghanshyam Kapoor'),
(162, 36, 'Hakim Bansal'),
(163, 37, 'Ibrahim Agarwal'),
(164, 38, 'Jasbir Thakur'),
(165, 39, 'Kamran Gupta'),
(166, 40, 'Lal Singh'),
(167, 41, 'Mohan Yadav'),
(168, 42, 'Nazir Joshi'),
(169, 1, 'Omprakash Desai'),
(170, 2, 'Prem Tiwari'),
(171, 3, 'Qasim Pandey'),
(172, 4, 'Rajesh Yadav'),
(173, 5, 'Shyam Chandra'),
(174, 6, 'Tariq Kumari'),
(175, 7, 'Usman Saxena'),
(176, 8, 'Vishnu Bhatt'),
(177, 9, 'Wahid Jain'),
(178, 10, 'Yasir Srivastava'),
(179, 11, 'Zaheer Chopra'),
(180, 12, 'Anil Das'),
(181, 13, 'Babu Bose'),
(182, 14, 'Chaman Mehta'),
(183, 15, 'Daya Kapoor'),
(184, 16, 'Ehsan Bansal'),
(185, 17, 'Fazal Agarwal'),
(186, 18, 'Ghulam Thakur'),
(187, 19, 'Hanif Gupta'),
(188, 20, 'Iqbal Singh'),
(189, 21, 'Javed Yadav'),
(190, 22, 'Khalil Joshi'),
(191, 23, 'Latif Desai'),
(192, 24, 'Maqsood Tiwari'),
(193, 25, 'Noor Pandey'),
(194, 26, 'Omar Yadav'),
(195, 27, 'Parvez Chandra'),
(196, 28, 'Qadeer Kumari'),
(197, 29, 'Rashid Saxena'),
(198, 30, 'Salim Bhatt'),
(199, 31, 'Tahir Jain'),
(200, 32, 'Umar Srivastava'),
(201, 33, 'Vali Chopra'),
(202, 34, 'Wajid Das'),
(203, 35, 'Yasin Bose'),
(204, 36, 'Zafar Mehta'),
(205, 37, 'Akbar Kapoor'),
(206, 38, 'Bashir Bansal'),
(207, 39, 'Chand Agarwal'),
(208, 40, 'Danish Thakur'),
(209, 41, 'Ehsaan Gupta'),
(210, 42, 'Farhan Singh'),
(211, 1, 'Gulzar Yadav'),
(212, 2, 'Hamid Joshi'),
(213, 3, 'Ismail Desai'),
(214, 4, 'Jameel Tiwari'),
(215, 5, 'Kamil Pandey'),
(216, 6, 'Liaqat Yadav'),
(217, 7, 'Masood Chandra'),
(218, 8, 'Nasir Kumari'),
(219, 9, 'Owais Saxena'),
(220, 10, 'Pervez Bhatt'),
(221, 11, 'Qasim Jain'),
(222, 12, 'Rafiq Srivastava'),
(223, 13, 'Sabir Chopra'),
(224, 14, 'Tanveer Das'),
(225, 15, 'Ubaid Bose'),
(226, 16, 'Vaseem Mehta'),
(227, 17, 'Waqas Kapoor'),
(228, 18, 'Yaqoob Bansal'),
(229, 19, 'Zeeshan Agarwal'),
(230, 20, 'Aftab Thakur'),
(231, 21, 'Bilal Gupta'),
(232, 22, 'Choudhary Singh'),
(233, 23, 'Dilshad Yadav'),
(234, 24, 'Ejaz Joshi'),
(235, 25, 'Faizan Desai'),
(236, 26, 'Ghazi Tiwari'),
(237, 27, 'Hashim Pandey'),
(238, 28, 'Imtiyaz Yadav'),
(239, 29, 'Jamshed Chandra'),
(240, 30, 'Kaleem Kumari'),
(241, 31, 'Luqman Saxena'),
(242, 32, 'Mahmood Bhatt'),
(243, 33, 'Nadeem Jain'),
(244, 34, 'Osama Srivastava'),
(245, 35, 'Parvez Chopra'),
(246, 36, 'Qasim Das'),
(247, 37, 'Riyaz Bose'),
(248, 38, 'Shahid Mehta'),
(249, 39, 'Tariq Kapoor'),
(250, 40, 'Uzair Bansal'),
(251, 41, 'Waheed Agarwal'),
(252, 42, 'Yusuf Thakur'),
(253, 1, 'Zubair Gupta'),
(254, 2, 'Aamir Singh'),
(255, 3, 'Babar Yadav'),
(256, 4, 'Chaudhry Joshi'),
(257, 5, 'Daniyal Desai'),
(258, 6, 'Ehsan Tiwari'),
(259, 7, 'Farid Pandey'),
(260, 8, 'Ghulam Yadav'),
(261, 9, 'Haider Chandra'),
(262, 10, 'Imran Kumari'),
(263, 11, 'Junaid Saxena'),
(264, 12, 'Kashif Bhatt'),
(265, 13, 'Liaquat Jain'),
(266, 14, 'Mushtaq Srivastava'),
(267, 15, 'Naeem Chopra'),
(268, 16, 'Osman Das'),
(269, 17, 'Pervaiz Bose'),
(270, 18, 'Qadeer Mehta'),
(271, 19, 'Riaz Kapoor'),
(272, 20, 'Shafiq Bansal'),
(273, 21, 'Tauseef Agarwal'),
(274, 22, 'Umair Thakur'),
(275, 23, 'Viqar Gupta'),
(276, 24, 'Waqar Singh'),
(277, 25, 'Yaseen Yadav'),
(278, 26, 'Zahid Joshi'),
(279, 27, 'Abid Desai'),
(280, 28, 'Basharat Tiwari'),
(281, 29, 'Chaudhary Pandey'),
(282, 30, 'Dildar Yadav'),
(283, 31, 'Ehsaan Chandra'),
(284, 32, 'Fawad Kumari'),
(285, 33, 'Gulshan Saxena'),
(286, 34, 'Hamza Bhatt'),
(287, 35, 'Ishaq Jain'),
(288, 36, 'Jafar Srivastava'),
(289, 37, 'Kamran Chopra'),
(290, 38, 'Latif Das'),
(291, 39, 'Mubarak Bose'),
(292, 40, 'Nizam Mehta'),
(293, 41, 'Obaid Kapoor'),
(294, 42, 'Parvez Bansal'),
(295, 1, 'Qasim Agarwal'),
(296, 2, 'Raza Thakur'),
(297, 3, 'Salman Gupta'),
(298, 4, 'Tariq Singh'),
(299, 5, 'Usman Yadav'),
(300, 6, 'Wali Joshi'),
(301, 7, 'Yawar Desai'),
(302, 8, 'Zain Tiwari'),
(303, 9, 'Akram Pandey'),
(304, 10, 'Babar Yadav'),
(305, 11, 'Chaudhry Chandra'),
(306, 12, 'Daud Kumari'),
(307, 13, 'Ejaz Saxena'),
(308, 14, 'Faiz Bhatt'),
(309, 15, 'Ghani Jain'),
(310, 16, 'Hafeez Srivastava'),
(311, 17, 'Ikram Chopra'),
(312, 18, 'Jalal Das'),
(313, 19, 'Karim Bose'),
(314, 20, 'Liaqat Mehta'),
(315, 21, 'Manzoor Kapoor'),
(316, 22, 'Naved Bansal'),
(317, 23, 'Omar Agarwal'),
(318, 24, 'Parvez Thakur'),
(319, 25, 'Qasim Gupta'),
(320, 26, 'Rashid Singh'),
(321, 27, 'Saleem Yadav'),
(322, 28, 'Tahir Joshi'),
(323, 29, 'Umar Desai'),
(324, 30, 'Vaqar Tiwari'),
(325, 31, 'Waqas Pandey'),
(326, 32, 'Yasir Yadav'),
(327, 33, 'Zafar Chandra'),
(328, 34, 'Abrar Kumari'),
(329, 35, 'Bashir Saxena'),
(330, 36, 'Chaman Bhatt'),
(331, 37, 'Danish Jain'),
(332, 38, 'Ehsan Srivastava'),
(333, 39, 'Farooq Chopra'),
(334, 40, 'Ghulam Das'),
(335, 41, 'Hanif Bose'),
(336, 42, 'Iqbal Mehta'),
(337, 1, 'Javed Kapoor'),
(338, 2, 'Khalil Bansal'),
(339, 3, 'Latif Agarwal'),
(340, 4, 'Maqsood Thakur'),
(341, 5, 'Noor Gupta'),
(342, 6, 'Omar Singh'),
(343, 7, 'Parvez Yadav'),
(344, 8, 'Qadeer Joshi'),
(345, 9, 'Rashid Desai'),
(346, 10, 'Salim Tiwari'),
(347, 11, 'Tahir Pandey'),
(348, 12, 'Umar Yadav'),
(349, 13, 'Vali Chandra'),
(350, 14, 'Wajid Kumari'),
(351, 15, 'Yasin Saxena'),
(352, 16, 'Zafar Bhatt'),
(353, 17, 'Akbar Jain'),
(354, 18, 'Bashir Srivastava'),
(355, 19, 'Chand Chopra'),
(356, 20, 'Danish Das'),
(357, 21, 'Ehsaan Bose'),
(358, 22, 'Farhan Mehta'),
(359, 23, 'Gulzar Kapoor'),
(360, 24, 'Hamid Bansal'),
(361, 25, 'Ismail Agarwal'),
(362, 26, 'Jameel Thakur'),
(363, 27, 'Kamil Gupta'),
(364, 28, 'Liaqat Singh'),
(365, 29, 'Masood Yadav'),
(366, 30, 'Nasir Joshi'),
(367, 31, 'Owais Desai'),
(368, 32, 'Pervez Tiwari'),
(369, 33, 'Qasim Pandey'),
(370, 34, 'Rafiq Yadav'),
(371, 35, 'Sabir Chandra'),
(372, 36, 'Tanveer Kumari'),
(373, 37, 'Ubaid Saxena'),
(374, 38, 'Vaseem Bhatt'),
(375, 39, 'Waqas Jain'),
(376, 40, 'Yaqoob Srivastava'),
(377, 41, 'Zeeshan Chopra'),
(378, 42, 'Aftab Das'),
(379, 1, 'Bilal Bose'),
(380, 2, 'Choudhary Mehta'),
(381, 3, 'Dilshad Kapoor'),
(382, 4, 'Ejaz Bansal'),
(383, 5, 'Faizan Agarwal'),
(384, 6, 'Ghazi Thakur'),
(385, 7, 'Hashim Gupta'),
(386, 8, 'Imtiyaz Singh'),
(387, 9, 'Jamshed Yadav'),
(388, 10, 'Kaleem Joshi'),
(389, 11, 'Luqman Desai'),
(390, 12, 'Mahmood Tiwari'),
(391, 13, 'Nadeem Pandey'),
(392, 14, 'Osama Yadav'),
(393, 15, 'Parvez Chandra'),
(394, 16, 'Qasim Kumari'),
(395, 17, 'Riyaz Saxena'),
(396, 18, 'Shahid Bhatt'),
(397, 19, 'Tariq Jain'),
(398, 20, 'Uzair Srivastava'),
(399, 21, 'Waheed Chopra'),
(400, 22, 'Yusuf Das');




INSERT INTO Equipment_Assignment (Equipment_ID, Supervisor_ID, Staff_ID) VALUES
(1, 1, 1),
(1, 2, 2),
(1, 3, 3),
(2, 1, 4),
(2, 2, 5),
(2, 3, 6),
(3, 4, 7),
(3, 5, 8),
(3, 6, 9),
(4, 7, 10),
(4, 8, 11),
(4, 9, 12),
(5, 10, 13),
(5, 11, 14),
(5, 12, 15),
(6, 13, 16),
(6, 14, 17),
(6, 15, 18),
(7, 16, 19),
(7, 17, 20),
(7, 18, 21),
(8, 19, 22),
(8, 20, 23),
(8, 21, 24),
(9, 22, 25),
(9, 23, 26),
(9, 24, 27),
(10, 25, 28),
(10, 26, 29),
(10, 27, 30),
(11, 28, 31),
(11, 29, 32),
(11, 30, 33),
(12, 31, 34),
(12, 32, 35),
(12, 33, 36),
(13, 34, 37),
(13, 35, 38),
(13, 36, 39),
(14, 37, 40),
(14, 38, 41),
(14, 39, 42),
(15, 40, 43),
(15, 41, 44),
(15, 42, 45),
(16, 1, 46),
(16, 2, 47),
(16, 3, 48),
(17, 4, 49),
(17, 5, 50),
(17, 6, 51),
(18, 7, 52),
(18, 8, 53),
(18, 9, 54),
(19, 10, 55),
(19, 11, 56),
(19, 12, 57),
(20, 13, 58),
(20, 14, 59),
(20, 15, 60),
(21, 16, 61),
(21, 17, 62),
(21, 18, 63),
(22, 19, 64),
(22, 20, 65),
(22, 21, 66),
(23, 22, 67),
(23, 23, 68),
(23, 24, 69),
(24, 25, 70),
(24, 26, 71),
(24, 27, 72),
(25, 28, 73),
(25, 29, 74),
(25, 30, 75),
(26, 31, 76),
(26, 32, 77),
(26, 33, 78),
(27, 34, 79),
(27, 35, 80),
(27, 36, 81),
(28, 37, 82),
(28, 38, 83),
(28, 39, 84),
(29, 40, 85),
(29, 41, 86),
(29, 42, 87),
(30, 1, 88),
(30, 2, 89),
(30, 3, 90),
(31, 4, 91),
(31, 5, 92),
(31, 6, 93),
(32, 7, 94),
(32, 8, 95),
(32, 9, 96),
(33, 10, 97),
(33, 11, 98),
(33, 12, 99),
(34, 13, 100),
(34, 14, 101),
(34, 15, 102),
(35, 16, 103),
(35, 17, 104),
(35, 18, 105),
(36, 19, 106),
(36, 20, 107),
(36, 21, 108),
(37, 22, 109),
(37, 23, 110),
(37, 24, 111),
(38, 25, 112),
(38, 26, 113),
(38, 27, 114),
(39, 28, 115),
(39, 29, 116),
(39, 30, 117),
(40, 31, 118),
(40, 32, 119),
(40, 33, 120),
(41, 34, 121),
(41, 35, 122),
(41, 36, 123),
(42, 37, 124),
(42, 38, 125),
(42, 39, 126),
(43, 40, 127),
(43, 41, 128),
(43, 42, 129),
(44, 1, 130),
(44, 2, 131),
(44, 3, 132),
(45, 4, 133),
(45, 5, 134),
(45, 6, 135),
(46, 7, 136),
(46, 8, 137),
(46, 9, 138),
(47, 10, 139),
(47, 11, 140),
(47, 12, 141),
(48, 13, 142),
(48, 14, 143),
(48, 15, 144),
(49, 16, 145),
(49, 17, 146),
(49, 18, 147),
(50, 19, 148),
(50, 20, 149),
(50, 21, 150),
(51, 22, 151),
(51, 23, 152),
(51, 24, 153),
(52, 25, 154),
(52, 26, 155),
(52, 27, 156),
(53, 28, 157),
(53, 29, 158),
(53, 30, 159),
(54, 31, 160),
(54, 32, 161),
(54, 33, 162),
(55, 34, 163),
(55, 35, 164),
(55, 36, 165),
(56, 37, 166),
(56, 38, 167),
(56, 39, 168),
(57, 40, 169),
(57, 41, 170),
(57, 42, 171),
(58, 1, 172),
(58, 2, 173),
(58, 3, 174),
(59, 4, 175),
(59, 5, 176),
(59, 6, 177),
(60, 7, 178),
(60, 8, 179),
(60, 9, 180),
(61, 10, 181),
(61, 11, 182),
(61, 12, 183),
(62, 13, 184),
(62, 14, 185),
(62, 15, 186),
(63, 16, 187),
(63, 17, 188),
(63, 18, 189),
(64, 19, 190),
(64, 20, 191),
(64, 21, 192),
(65, 22, 193),
(65, 23, 194),
(65, 24, 195),
(66, 25, 196),
(66, 26, 197),
(66, 27, 198),
(67, 28, 199),
(67, 29, 200),
(67, 30, 201),
(68, 31, 202),
(68, 32, 203),
(68, 33, 204),
(69, 34, 205),
(69, 35, 206),
(69, 36, 207),
(70, 37, 208),
(70, 38, 209),
(70, 39, 210),
(71, 40, 211),
(71, 41, 212),
(71, 42, 213),
(72, 1, 214),
(72, 2, 215),
(72, 3, 216),
(73, 4, 217),
(73, 5, 218),
(73, 6, 219),
(74, 7, 220),
(74, 8, 221),
(74, 9, 222),
(75, 10, 223),
(75, 11, 224),
(75, 12, 225),
(76, 13, 226),
(76, 14, 227),
(76, 15, 228),
(77, 16, 229),
(77, 17, 230),
(77, 18, 231),
(78, 19, 232),
(78, 20, 233),
(78, 21, 234),
(79, 22, 235),
(79, 23, 236),
(79, 24, 237),
(80, 25, 238),
(80, 26, 239),
(80, 27, 240),
(81, 28, 241),
(81, 29, 242),
(81, 30, 243),
(82, 31, 244),
(82, 32, 245),
(82, 33, 246),
(83, 34, 247),
(83, 35, 248),
(83, 36, 249),
(84, 37, 250),
(84, 38, 251),
(84, 39, 252),
(85, 40, 253),
(85, 41, 254),
(85, 42, 255),
(86, 1, 256),
(86, 2, 257),
(86, 3, 258),
(87, 4, 259),
(87, 5, 260),
(87, 6, 261),
(88, 7, 262),
(88, 8, 263),
(88, 9, 264),
(89, 10, 265),
(89, 11, 266),
(89, 12, 267),
(90, 13, 268),
(90, 14, 269),
(90, 15, 270),
(91, 16, 271),
(91, 17, 272),
(91, 18, 273),
(92, 19, 274),
(92, 20, 275),
(92, 21, 276),
(93, 22, 277),
(93, 23, 278),
(93, 24, 279),
(94, 25, 280),
(94, 26, 281),
(94, 27, 282),
(95, 28, 283),
(95, 29, 284),
(95, 30, 285),
(96, 31, 286),
(96, 32, 287),
(96, 33, 288),
(97, 34, 289),
(97, 35, 290),
(97, 36, 291),
(98, 37, 292),
(98, 38, 293),
(98, 39, 294),
(99, 40, 295),
(99, 41, 296),
(99, 42, 297),
(100, 1, 298),
(100, 2, 299),
(100, 3, 300),
(101, 4, 301),
(101, 5, 302),
(101, 6, 303),
(102, 7, 304),
(102, 8, 305),
(102, 9, 306),
(103, 10, 307),
(103, 11, 308),
(103, 12, 309),
(104, 13, 310),
(104, 14, 311),
(104, 15, 312),
(105, 16, 313),
(105, 17, 314),
(105, 18, 315),
(106, 19, 316),
(106, 20, 317),
(106, 21, 318),
(107, 22, 319),
(107, 23, 320),
(107, 24, 321),
(108, 25, 322),
(108, 26, 323),
(108, 27, 324),
(109, 28, 325),
(109, 29, 326),
(109, 30, 327),
(110, 31, 328),
(110, 32, 329),
(110, 33, 330),
(111, 34, 331),
(111, 35, 332),
(111, 36, 333),
(112, 37, 334),
(112, 38, 335),
(112, 39, 336),
(113, 40, 337),
(113, 41, 338),
(113, 42, 339),
(114, 1, 340),
(114, 2, 341),
(114, 3, 342),
(115, 4, 343),
(115, 5, 344),
(115, 6, 345),
(116, 7, 346),
(116, 8, 347),
(116, 9, 348),
(117, 10, 349),
(117, 11, 350),
(117, 12, 351),
(118, 13, 352),
(118, 14, 353),
(118, 15, 354),
(119, 16, 355),
(119, 17, 356),
(119, 18, 357),
(120, 19, 358),
(120, 20, 359),
(120, 21, 360),
(121, 22, 361),
(121, 23, 362),
(121, 24, 363),
(122, 25, 364),
(122, 26, 365),
(122, 27, 366),
(123, 28, 367),
(123, 29, 368),
(123, 30, 369),
(124, 31, 370),
(124, 32, 371),
(124, 33, 372),
(125, 34, 373),
(125, 35, 374),
(125, 36, 375),
(126, 37, 376),
(126, 38, 377),
(126, 39, 378),
(127, 40, 379),
(127, 41, 380),
(127, 42, 381),
(128, 1, 382),
(128, 2, 383),
(128, 3, 384),
(129, 4, 385),
(129, 5, 386),
(129, 6, 387),
(130, 7, 388),
(130, 8, 389),
(130, 9, 390),
(131, 10, 391),
(131, 11, 392),
(131, 12, 393),
(132, 13, 394),
(132, 14, 395),
(132, 15, 396),
(133, 16, 397),
(133, 17, 398),
(133, 18, 399),
(134, 19, 400),
(134, 20, 1),
(134, 21, 2),
(135, 22, 3),
(135, 23, 4),
(135, 24, 5),
(136, 25, 6),
(136, 26, 7),
(136, 27, 8),
(137, 28, 9),
(137, 29, 10),
(137, 30, 11),
(138, 31, 12),
(138, 32, 13),
(138, 33, 14),
(139, 34, 15),
(139, 35, 16),
(139, 36, 17),
(140, 37, 18),
(140, 38, 19),
(140, 39, 20),
(141, 40, 21),
(141, 41, 22),
(141, 42, 23),
(142, 1, 24),
(142, 2, 25),
(142, 3, 26),
(143, 4, 27),
(143, 5, 28),
(143, 6, 29),
(144, 7, 30),
(144, 8, 31),
(144, 9, 32),
(145, 10, 33),
(145, 11, 34),
(145, 12, 35),
(146, 13, 36),
(146, 14, 37),
(146, 15, 38),
(147, 16, 39),
(147, 17, 40),
(147, 18, 41),
(148, 19, 42),
(148, 20, 43),
(148, 21, 44),
(149, 22, 45),
(149, 23, 46),
(149, 24, 47),
(150, 25, 48),
(150, 26, 49),
(150, 27, 50),
(151, 28, 51),
(151, 29, 52),
(151, 30, 53),
(152, 31, 54),
(152, 32, 55),
(152, 33, 56),
(153, 34, 57),
(153, 35, 58),
(153, 36, 59),
(154, 37, 60),
(154, 38, 61),
(154, 39, 62),
(155, 40, 63),
(155, 41, 64),
(155, 42, 65),
(156, 1, 66),
(156, 2, 67),
(156, 3, 68),
(157, 4, 69),
(157, 5, 70),
(157, 6, 71),
(158, 7, 72),
(158, 8, 73),
(158, 9, 74),
(159, 10, 75),
(159, 11, 76),
(159, 12, 77),
(160, 13, 78),
(160, 14, 79),
(160, 15, 80),
(161, 16, 81),
(161, 17, 82),
(161, 18, 83),
(162, 19, 84),
(162, 20, 85),
(162, 21, 86),
(163, 22, 87),
(163, 23, 88),
(163, 24, 89),
(164, 25, 90),
(164, 26, 91),
(164, 27, 92),
(165, 28, 93),
(165, 29, 94),
(165, 30, 95),
(166, 31, 96),
(166, 32, 97),
(166, 33, 98),
(167, 34, 99),
(167, 35, 100),
(167, 36, 101),
(168, 37, 102),
(168, 38, 103),
(168, 39, 104),
(169, 40, 105),
(169, 41, 106),
(169, 42, 107),
(170, 1, 108),
(170, 2, 109),
(170, 3, 110),
(171, 4, 111),
(171, 5, 112),
(171, 6, 113),
(172, 7, 114),
(172, 8, 115),
(172, 9, 116),
(173, 10, 117),
(173, 11, 118),
(173, 12, 119),
(174, 13, 120),
(174, 14, 121),
(174, 15, 122),
(175, 16, 123),
(175, 17, 124),
(175, 18, 125),
(176, 19, 126),
(176, 20, 127),
(176, 21, 128),
(177, 22, 129),
(177, 23, 130),
(177, 24, 131),
(178, 25, 132),
(178, 26, 133),
(178, 27, 134),
(179, 28, 135),
(179, 29, 136),
(179, 30, 137),
(180, 31, 138),
(180, 32, 139),
(180, 33, 140),
(181, 34, 141),
(181, 35, 142),
(181, 36, 143),
(182, 37, 144),
(182, 38, 145),
(182, 39, 146),
(183, 40, 147),
(183, 41, 148),
(183, 42, 149),
(184, 1, 150),
(184, 2, 151),
(184, 3, 152),
(185, 4, 153),
(185, 5, 154),
(185, 6, 155),
(186, 7, 156),
(186, 8, 157),
(186, 9, 158),
(187, 10, 159),
(187, 11, 160),
(187, 12, 161),
(188, 13, 162),
(188, 14, 163),
(188, 15, 164),
(189, 16, 165),
(189, 17, 166),
(189, 18, 167),
(190, 19, 168),
(190, 20, 169),
(190, 21, 170),
(191, 22, 171),
(191, 23, 172),
(191, 24, 173),
(192, 25, 174),
(192, 26, 175),
(192, 27, 176),
(193, 28, 177),
(193, 29, 178),
(193, 30, 179),
(194, 31, 180),
(194, 32, 181),
(194, 33, 182),
(195, 34, 183),
(195, 35, 184),
(195, 36, 185),
(196, 37, 186),
(196, 38, 187),
(196, 39, 188),
(197, 40, 189),
(197, 41, 190),
(197, 42, 191),
(198, 1, 192),
(198, 2, 193),
(198, 3, 194),
(199, 4, 195),
(199, 5, 196),
(199, 6, 197),
(200, 7, 198),
(200, 8, 199),
(200, 9, 200),
(201, 10, 201),
(201, 11, 202),
(201, 12, 203),
(202, 13, 204),
(202, 14, 205),
(202, 15, 206),
(203, 16, 207),
(203, 17, 208),
(203, 18, 209),
(204, 19, 210),
(204, 20, 211),
(204, 21, 212),
(205, 22, 213),
(205, 23, 214),
(205, 24, 215),
(206, 25, 216),
(206, 26, 217),
(206, 27, 218),
(207, 28, 219),
(207, 29, 220),
(207, 30, 221),
(208, 31, 222),
(208, 32, 223),
(208, 33, 224),
(209, 34, 225),
(209, 35, 226),
(209, 36, 227),
(210, 37, 228),
(210, 38, 229),
(210, 39, 230),
(211, 40, 231),
(211, 41, 232),
(211, 42, 233),
(212, 1, 234),
(212, 2, 235),
(212, 3, 236),
(213, 4, 237),
(213, 5, 238),
(213, 6, 239),
(214, 7, 240),
(214, 8, 241),
(214, 9, 242),
(215, 10, 243),
(215, 11, 244),
(215, 12, 245),
(216, 13, 246),
(216, 14, 247),
(216, 15, 248),
(217, 16, 249),
(217, 17, 250),
(217, 18, 251),
(218, 19, 252),
(218, 20, 253),
(218, 21, 254),
(219, 22, 255),
(219, 23, 256),
(219, 24, 257),
(220, 25, 258),
(220, 26, 259),
(220, 27, 260),
(221, 28, 261),
(221, 29, 262),
(221, 30, 263),
(222, 31, 264),
(222, 32, 265),
(222, 33, 266),
(223, 34, 267),
(223, 35, 268),
(223, 36, 269),
(224, 37, 270),
(224, 38, 271),
(224, 39, 272),
(225, 40, 273),
(225, 41, 274),
(225, 42, 275),
(226, 1, 276),
(226, 2, 277),
(226, 3, 278),
(227, 4, 279),
(227, 5, 280),
(227, 6, 281),
(228, 7, 282),
(228, 8, 283),
(228, 9, 284),
(229, 10, 285),
(229, 11, 286),
(229, 12, 287),
(230, 13, 288),
(230, 14, 289),
(230, 15, 290),
(231, 16, 291),
(231, 17, 292),
(231, 18, 293),
(232, 19, 294),
(232, 20, 295),
(232, 21, 296),
(233, 22, 297),
(233, 23, 298),
(233, 24, 299),
(234, 25, 300),
(234, 26, 301),
(234, 27, 302),
(235, 28, 303),
(235, 29, 304),
(235, 30, 305),
(236, 31, 306),
(236, 32, 307),
(236, 33, 308),
(237, 34, 309),
(237, 35, 310),
(237, 36, 311),
(238, 37, 312),
(238, 38, 313),
(238, 39, 314),
(239, 40, 315),
(239, 41, 316),
(239, 42, 317),
(240, 1, 318),
(240, 2, 319),
(240, 3, 320),
(241, 4, 321),
(241, 5, 322),
(241, 6, 323),
(242, 7, 324),
(242, 8, 325),
(242, 9, 326),
(243, 10, 327),
(243, 11, 328),
(243, 12, 329),
(244, 13, 330),
(244, 14, 331),
(244, 15, 332),
(245, 16, 333),
(245, 17, 334),
(245, 18, 335),
(246, 19, 336),
(246, 20, 337),
(246, 21, 338),
(247, 22, 339),
(247, 23, 340),
(247, 24, 341),
(248, 25, 342),
(248, 26, 343),
(248, 27, 344),
(249, 28, 345),
(249, 29, 346),
(249, 30, 347),
(250, 31, 348),
(250, 32, 349),
(250, 33, 350),
(251, 34, 351),
(251, 35, 352),
(251, 36, 353),
(252, 37, 354),
(252, 38, 355),
(252, 39, 356),
(253, 40, 357),
(253, 41, 358),
(253, 42, 359),
(254, 1, 360),
(254, 2, 361),
(254, 3, 362),
(255, 4, 363),
(255, 5, 364),
(255, 6, 365),
(256, 7, 366),
(256, 8, 367),
(256, 9, 368),
(257, 10, 369),
(257, 11, 370),
(257, 12, 371),
(258, 13, 372),
(258, 14, 373),
(258, 15, 374),
(259, 16, 375),
(259, 17, 376),
(259, 18, 377),
(260, 19, 378),
(260, 20, 379),
(260, 21, 380),
(261, 22, 381),
(261, 23, 382),
(261, 24, 383),
(262, 25, 384),
(262, 26, 385),
(262, 27, 386),
(263, 28, 387),
(263, 29, 388),
(263, 30, 389),
(264, 31, 390),
(264, 32, 391),
(264, 33, 392),
(265, 34, 393),
(265, 35, 394),
(265, 36, 395),
(266, 37, 396),
(266, 38, 397),
(266, 39, 398),
(267, 40, 399),
(267, 41, 400),
(267, 42, 1),
(268, 1, 2),
(268, 2, 3),
(268, 3, 4),
(269, 4, 5),
(269, 5, 6),
(269, 6, 7),
(270, 7, 8),
(270, 8, 9),
(270, 9, 10),
(271, 10, 11),
(271, 11, 12),
(271, 12, 13),
(272, 13, 14),
(272, 14, 15),
(272, 15, 16),
(273, 17, 18),
(273, 18, 19),
(274, 19, 20),
(274, 20, 21),
(274, 21, 22),
(275, 22, 23),
(275, 23, 24),
(275, 24, 25),
(276, 25, 26),
(276, 26, 27),
(276, 27, 28),
(277, 28, 29),
(277, 29, 30),
(277, 30, 31),
(278, 31, 32),
(278, 32, 33),
(278, 33, 34),
(279, 34, 35),
(279, 35, 36),
(279, 36, 37),
(280, 37, 38),
(280, 38, 39),
(280, 39, 40),
(281, 40, 41),
(281, 41, 42),
(281, 42, 43),
(282, 1, 44),
(282, 2, 45),
(282, 3, 46),
(283, 4, 47),
(283, 5, 48),
(283, 6, 49),
(284, 7, 50),
(284, 8, 51),
(284, 9, 52),
(285, 10, 53),
(285, 11, 54),
(285, 12, 55),
(286, 13, 56),
(286, 14, 57),
(286, 15, 58),
(287, 16, 59),
(287, 17, 60),
(287, 18, 61),
(288, 19, 62),
(288, 20, 63),
(288, 21, 64),
(289, 22, 65),
(289, 23, 66),
(289, 24, 67),
(290, 25, 68),
(290, 26, 69),
(290, 27, 70),
(291, 28, 71),
(291, 29, 72),
(291, 30, 73),
(292, 31, 74),
(292, 32, 75),
(292, 33, 76),
(293, 34, 77),
(293, 35, 78),
(293, 36, 79),
(294, 37, 80),
(294, 38, 81),
(294, 39, 82),
(295, 40, 83),
(295, 41, 84),
(295, 42, 85),
(296, 1, 86),
(296, 2, 87),
(296, 3, 88),
(297, 4, 89),
(297, 5, 90),
(297, 6, 91),
(298, 7, 92),
(298, 8, 93),
(298, 9, 94),
(299, 10, 95),
(299, 11, 96),
(299, 12, 97),
(300, 13, 98),
(300, 14, 99),
(300, 15, 100),
(301, 16, 101),
(301, 17, 102),
(301, 18, 103),
(302, 19, 104),
(302, 20, 105),
(302, 21, 106),
(303, 22, 107),
(303, 23, 108),
(303, 24, 109),
(304, 25, 110),
(304, 26, 111),
(304, 27, 112),
(305, 28, 113),
(305, 29, 114),
(305, 30, 115),
(306, 31, 116),
(306, 32, 117),
(306, 33, 118),
(307, 34, 119),
(307, 35, 120),
(307, 36, 121),
(308, 37, 122),
(308, 38, 123),
(308, 39, 124),
(309, 40, 125),
(309, 41, 126),
(309, 42, 127),
(310, 1, 128),
(310, 2, 129),
(310, 3, 130),
(311, 4, 131),
(311, 5, 132),
(311, 6, 133),
(312, 7, 134),
(312, 8, 135),
(312, 9, 136),
(313, 10, 137),
(313, 11, 138),
(313, 12, 139),
(314, 13, 140),
(314, 14, 141),
(314, 15, 142),
(315, 16, 143),
(315, 17, 144),
(315, 18, 145),
(316, 19, 146),
(316, 20, 147),
(316, 21, 148),
(317, 22, 149),
(317, 23, 150),
(317, 24, 151),
(318, 25, 152),
(318, 26, 153),
(318, 27, 154),
(319, 28, 155),
(319, 29, 156),
(319, 30, 157),
(320, 31, 158),
(320, 32, 159),
(320, 33, 160),
(321, 34, 161),
(321, 35, 162),
(321, 36, 163),
(322, 37, 164),
(322, 38, 165),
(322, 39, 166),
(323, 40, 167),
(323, 41, 168),
(323, 42, 169),
(324, 1, 170),
(324, 2, 171),
(324, 3, 172),
(325, 4, 173),
(325, 5, 174),
(325, 6, 175),
(326, 7, 176),
(326, 8, 177),
(326, 9, 178),
(327, 10, 179),
(327, 11, 180),
(327, 12, 181),
(328, 13, 182),
(328, 14, 183),
(328, 15, 184),
(329, 16, 185),
(329, 17, 186),
(329, 18, 187),
(330, 19, 188),
(330, 20, 189),
(330, 21, 190),
(331, 22, 191),
(331, 23, 192),
(331, 24, 193),
(332, 25, 194),
(332, 26, 195),
(332, 27, 196),
(333, 28, 197),
(333, 29, 198),
(333, 30, 199),
(334, 31, 200),
(334, 32, 201),
(334, 33, 202),
(335, 34, 203),
(335, 35, 204),
(335, 36, 205),
(336, 37, 206),
(336, 38, 207),
(336, 39, 208),
(337, 40, 209),
(337, 41, 210),
(337, 42, 211),
(338, 1, 212),
(338, 2, 213),
(338, 3, 214),
(339, 4, 215),
(339, 5, 216),
(339, 6, 217),
(340, 7, 218),
(340, 8, 219),
(340, 9, 220),
(341, 10, 221),
(341, 11, 222),
(341, 12, 223),
(342, 13, 224),
(342, 14, 225),
(342, 15, 226),
(343, 16, 227),
(343, 17, 228),
(343, 18, 229),
(344, 19, 230),
(344, 20, 231),
(344, 21, 232),
(345, 22, 233),
(345, 23, 234),
(345, 24, 235),
(346, 25, 236),
(346, 26, 237),
(346, 27, 238),
(347, 28, 239),
(347, 29, 240),
(347, 30, 241),
(348, 31, 242),
(348, 32, 243),
(348, 33, 244),
(349, 34, 245),
(349, 35, 246),
(349, 36, 247),
(350, 37, 248),
(350, 38, 249),
(350, 39, 250),
(351, 40, 251),
(351, 41, 252),
(351, 42, 253),
(352, 1, 254),
(352, 2, 255),
(352, 3, 256),
(353, 4, 257),
(353, 5, 258),
(353, 6, 259),
(354, 7, 260),
(354, 8, 261),
(354, 9, 262),
(355, 10, 263),
(355, 11, 264),
(355, 12, 265),
(356, 13, 266),
(356, 14, 267),
(356, 15, 268),
(357, 16, 269),
(357, 17, 270),
(357, 18, 271),
(358, 19, 272),
(358, 20, 273),
(358, 21, 274),
(359, 22, 275),
(359, 23, 276),
(359, 24, 277),
(360, 25, 278),
(360, 26, 279),
(360, 27, 280),
(361, 28, 281),
(361, 29, 282),
(361, 30, 283),
(362, 31, 284),
(362, 32, 285),
(362, 33, 286),
(363, 34, 287),
(363, 35, 288),
(363, 36, 289),
(364, 37, 290),
(364, 38, 291),
(364, 39, 292),
(365, 40, 293),
(365, 41, 294),
(365, 42, 295),
(366, 1, 296),
(366, 2, 297),
(366, 3, 298),
(367, 4, 299),
(367, 5, 300),
(367, 6, 301),
(368, 7, 302),
(368, 8, 303),
(368, 9, 304),
(369, 10, 305),
(369, 11, 306),
(369, 12, 307),
(370, 13, 308),
(370, 14, 309),
(370, 15, 310),
(371, 16, 311),
(371, 17, 312),
(371, 18, 313),
(372, 19, 314),
(372, 20, 315),
(372, 21, 316),
(373, 22, 317),
(373, 23, 318),
(373, 24, 319),
(374, 25, 320),
(374, 26, 321),
(374, 27, 322),
(375, 28, 323),
(375, 29, 324),
(375, 30, 325),
(376, 31, 326),
(376, 32, 327),
(376, 33, 328),
(377, 34, 329),
(377, 35, 330),
(377, 36, 331),
(378, 37, 332),
(378, 38, 333),
(378, 39, 334),
(379, 40, 335),
(379, 41, 336),
(379, 42, 337),
(380, 1, 338),
(380, 2, 339),
(380, 3, 340),
(381, 4, 341),
(381, 5, 342),
(381, 6, 343),
(382, 7, 344),
(382, 8, 345),
(382, 9, 346),
(383, 10, 347),
(383, 11, 348),
(383, 12, 349),
(384, 13, 350),
(384, 14, 351),
(384, 15, 352),
(385, 16, 353),
(385, 17, 354),
(385, 18, 355),
(386, 19, 356),
(386, 20, 357),
(386, 21, 358),
(387, 22, 359),
(387, 23, 360),
(387, 24, 361),
(388, 25, 362),
(388, 26, 363),
(388, 27, 364),
(389, 28, 365),
(389, 29, 366),
(389, 30, 367),
(390, 31, 368),
(390, 32, 369),
(390, 33, 370),
(391, 34, 371),
(391, 35, 372),
(391, 36, 373),
(392, 37, 374),
(392, 38, 375),
(392, 39, 376),
(393, 40, 377),
(393, 41, 378),
(393, 42, 379),
(394, 1, 380),
(394, 2, 381),
(394, 3, 382),
(395, 4, 383),
(395, 5, 384),
(395, 6, 385),
(396, 7, 386),
(396, 8, 387),
(396, 9, 388),
(397, 10, 389),
(397, 11, 390),
(397, 12, 391),
(398, 13, 392),
(398, 14, 393),
(398, 15, 394),
(399, 16, 395),
(399, 17, 396),
(399, 18, 397),
(400, 19, 398),
(400, 20, 399),
(400, 21, 400),
(401, 22, 1),
(401, 23, 2),
(401, 24, 3),
(402, 25, 4),
(402, 26, 5),
(402, 27, 6),
(403, 28, 7),
(403, 29, 8),
(403, 30, 9),
(404, 31, 10),
(404, 32, 11),
(404, 33, 12),
(405, 34, 13),
(405, 35, 14),
(405, 36, 15),
(406, 37, 16),
(406, 38, 17),
(406, 39, 18),
(407, 40, 19),
(407, 41, 20),
(407, 42, 21),
(408, 1, 22),
(408, 2, 23),
(408, 3, 24),
(409, 4, 25),
(409, 5, 26),
(409, 6, 27),
(410, 7, 28),
(410, 8, 29),
(410, 9, 30),
(411, 10, 31),
(411, 11, 32),
(411, 12, 33),
(412, 13, 34),
(412, 14, 35),
(412, 15, 36),
(413, 16, 37),
(413, 17, 38),
(413, 18, 39),
(414, 19, 40),
(414, 20, 41),
(414, 21, 42),
(415, 22, 43),
(415, 23, 44),
(415, 24, 45),
(416, 25, 46),
(416, 26, 47),
(416, 27, 48),
(417, 28, 49),
(417, 29, 50),
(417, 30, 51),
(418, 31, 52),
(418, 32, 53),
(418, 33, 54),
(419, 34, 55),
(419, 35, 56),
(419, 36, 57),
(420, 37, 58),
(420, 38, 59),
(420, 39, 60),
(421, 40, 61),
(421, 41, 62),
(421, 42, 63),
(422, 1, 64),
(422, 2, 65),
(422, 3, 66),
(423, 4, 67),
(423, 5, 68),
(423, 6, 69),
(424, 7, 70),
(424, 8, 71),
(424, 9, 72),
(425, 10, 73),
(425, 11, 74),
(425, 12, 75),
(426, 13, 76),
(426, 14, 77),
(426, 15, 78),
(427, 16, 79),
(427, 17, 80),
(427, 18, 81),
(428, 19, 82),
(428, 20, 83),
(428, 21, 84),
(429, 22, 85),
(429, 23, 86),
(429, 24, 87),
(430, 25, 88),
(430, 26, 89),
(430, 27, 90),
(431, 28, 91),
(431, 29, 92),
(431, 30, 93),
(432, 31, 94),
(432, 32, 95),
(432, 33, 96),
(433, 34, 97),
(433, 35, 98),
(433, 36, 99),
(434, 37, 100),
(434, 38, 101),
(434, 39, 102),
(435, 40, 103),
(435, 41, 104),
(435, 42, 105),
(436, 1, 106),
(436, 2, 107),
(436, 3, 108),
(437, 4, 109),
(437, 5, 110),
(437, 6, 111),
(438, 7, 112),
(438, 8, 113),
(438, 9, 114),
(439, 10, 115),
(439, 11, 116),
(439, 12, 117),
(440, 13, 118),
(440, 14, 119),
(440, 15, 120),
(441, 16, 121),
(441, 17, 122),
(441, 18, 123),
(442, 19, 124),
(442, 20, 125),
(442, 21, 126),
(443, 22, 127),
(443, 23, 128),
(443, 24, 129),
(444, 25, 130),
(444, 26, 131),
(444, 27, 132),
(445, 28, 133),
(445, 29, 134),
(445, 30, 135),
(446, 31, 136),
(446, 32, 137),
(446, 33, 138),
(447, 34, 139),
(447, 35, 140),
(447, 36, 141),
(448, 37, 142),
(448, 38, 143),
(448, 39, 144),
(449, 40, 145),
(449, 41, 146),
(449, 42, 147),
(450, 1, 148),
(450, 2, 149),
(450, 3, 150),
(451, 4, 151),
(451, 5, 152),
(451, 6, 153),
(452, 7, 154),
(452, 8, 155),
(452, 9, 156),
(453, 10, 157),
(453, 11, 158),
(453, 12, 159),
(454, 13, 160),
(454, 14, 161),
(454, 15, 162),
(455, 16, 163),
(455, 17, 164),
(455, 18, 165),
(456, 19, 166),
(456, 20, 167),
(456, 21, 168),
(457, 22, 169),
(457, 23, 170),
(457, 24, 171),
(458, 25, 172),
(458, 26, 173),
(458, 27, 174),
(459, 28, 175),
(459, 29, 176),
(459, 30, 177),
(460, 31, 178),
(460, 32, 179),
(460, 33, 180),
(461, 34, 181),
(461, 35, 182),
(461, 36, 183),
(462, 37, 184),
(462, 38, 185),
(462, 39, 186),
(463, 40, 187),
(463, 41, 188),
(463, 42, 189),
(464, 1, 190),
(464, 2, 191),
(464, 3, 192),
(465, 4, 193),
(465, 5, 194),
(465, 6, 195),
(466, 7, 196),
(466, 8, 197),
(466, 9, 198),
(467, 10, 199),
(467, 11, 200),
(467, 12, 201),
(468, 13, 202),
(468, 14, 203),
(468, 15, 204),
(469, 16, 205),
(469, 17, 206),
(469, 18, 207),
(470, 19, 208),
(470, 20, 209),
(470, 21, 210),
(471, 22, 211),
(471, 23, 212),
(471, 24, 213),
(472, 25, 214),
(472, 26, 215),
(472, 27, 216),
(473, 28, 217),
(473, 29, 218),
(473, 30, 219),
(474, 31, 220),
(474, 32, 221),
(474, 33, 222),
(475, 34, 223),
(475, 35, 224),
(475, 36, 225),
(476, 37, 226),
(476, 38, 227),
(476, 39, 228),
(477, 40, 229),
(477, 41, 230),
(477, 42, 231),
(478, 1, 232),
(478, 2, 233),
(478, 3, 234),
(479, 4, 235),
(479, 5, 236),
(479, 6, 237),
(480, 7, 238),
(480, 8, 239),
(480, 9, 240),
(481, 10, 241),
(481, 11, 242),
(481, 12, 243),
(482, 13, 244),
(482, 14, 245),
(482, 15, 246),
(483, 16, 247),
(483, 17, 248),
(483, 18, 249),
(484, 19, 250),
(484, 20, 251),
(484, 21, 252),
(485, 22, 253),
(485, 23, 254),
(485, 24, 255),
(486, 25, 256),
(486, 26, 257),
(486, 27, 258),
(487, 28, 259),
(487, 29, 260),
(487, 30, 261),
(488, 31, 262),
(488, 32, 263),
(488, 33, 264),
(489, 34, 265),
(489, 35, 266),
(489, 36, 267),
(490, 37, 268),
(490, 38, 269),
(490, 39, 270),
(491, 40, 271),
(491, 41, 272),
(491, 42, 273),
(492, 1, 274),
(492, 2, 275),
(492, 3, 276),
(493, 4, 277),
(493, 5, 278),
(493, 6, 279),
(494, 7, 280),
(494, 8, 281),
(494, 9, 282),
(495, 10, 283),
(495, 11, 284),
(495, 12, 285),
(496, 13, 286),
(496, 14, 287),
(496, 15, 288),
(497, 16, 289),
(497, 17, 290),
(497, 18, 291),
(498, 19, 292),
(498, 20, 293),
(498, 21, 294),
(499, 22, 295),
(499, 23, 296),
(499, 24, 297),
(500, 25, 298),
(500, 26, 299),
(500, 27, 300),
(501, 28, 301),
(501, 29, 302),
(501, 30, 303),
(502, 31, 304),
(502, 32, 305),
(502, 33, 306),
(503, 34, 307),
(503, 35, 308),
(503, 36, 309),
(504, 37, 310),
(504, 38, 311),
(504, 39, 312),
(505, 40, 313),
(505, 41, 314),
(505, 42, 315),
(506, 1, 316),
(506, 2, 317),
(506, 3, 318),
(507, 4, 319),
(507, 5, 320),
(507, 6, 321),
(508, 7, 322),
(508, 8, 323),
(508, 9, 324),
(509, 10, 325),
(509, 11, 326),
(509, 12, 327),
(510, 13, 328),
(510, 14, 329),
(510, 15, 330),
(511, 16, 331),
(511, 17, 332),
(511, 18, 333),
(512, 19, 334),
(512, 20, 335),
(512, 21, 336),
(513, 22, 337),
(513, 23, 338),
(513, 24, 339),
(514, 25, 340),
(514, 26, 341),
(514, 27, 342),
(515, 28, 343),
(515, 29, 344),
(515, 30, 345),
(516, 31, 346),
(516, 32, 347),
(516, 33, 348),
(517, 34, 349),
(517, 35, 350),
(517, 36, 351),
(518, 37, 352),
(518, 38, 353),
(518, 39, 354),
(519, 40, 355),
(519, 41, 356),
(519, 42, 357),
(520, 1, 358),
(520, 2, 359),
(520, 3, 360),
(521, 4, 361),
(521, 5, 362),
(521, 6, 363),
(522, 7, 364),
(522, 8, 365),
(522, 9, 366),
(523, 10, 367),
(523, 11, 368),
(523, 12, 369),
(524, 13, 370),
(524, 14, 371),
(524, 15, 372),
(525, 16, 373),
(525, 17, 374),
(525, 18, 375),
(526, 19, 376),
(526, 20, 377),
(526, 21, 378),
(527, 22, 379),
(527, 23, 380),
(527, 24, 381),
(528, 25, 382),
(528, 26, 383),
(528, 27, 384),
(529, 28, 385),
(529, 29, 386),
(529, 30, 387),
(530, 31, 388),
(530, 32, 389),
(530, 33, 390),
(531, 34, 391),
(531, 35, 392),
(531, 36, 393),
(532, 37, 394),
(532, 38, 395),
(532, 39, 396),
(533, 40, 397),
(533, 41, 398),
(533, 42, 399),
(534, 1, 400),
(534, 2, 1),
(534, 3, 2),
(535, 4, 3),
(535, 5, 4),
(535, 6, 5),
(536, 7, 6),
(536, 8, 7),
(536, 9, 8),
(537, 10, 9),
(537, 11, 10),
(537, 12, 11),
(538, 13, 12),
(538, 14, 13),
(538, 15, 14),
(539, 16, 15),
(539, 17, 16),
(539, 18, 17),
(540, 19, 18),
(540, 20, 19),
(540, 21, 20),
(541, 22, 21),
(541, 23, 22),
(541, 24, 23),
(542, 25, 24),
(542, 26, 25),
(542, 27, 26),
(543, 28, 27),
(543, 29, 28),
(543, 30, 29),
(544, 31, 30),
(544, 32, 31),
(544, 33, 32),
(545, 34, 33),
(545, 35, 34),
(545, 36, 35),
(546, 38, 37),
(546, 39, 38),
(547, 40, 39),
(547, 41, 40),
(547, 42, 41),
(548, 1, 42),
(548, 2, 43),
(548, 3, 44),
(549, 4, 45),
(549, 5, 46),
(549, 6, 47),
(550, 7, 48),
(550, 8, 49),
(550, 9, 50),
(1, 10, 51),
(1, 11, 52),
(1, 12, 53),
(2, 13, 54),
(2, 14, 55),
(2, 15, 56),
(3, 16, 57),
(3, 17, 58),
(3, 18, 59),
(4, 19, 60),
(4, 20, 61),
(4, 21, 62),
(5, 22, 63),
(5, 23, 64),
(5, 24, 65),
(6, 25, 66),
(6, 26, 67),
(6, 27, 68),
(7, 28, 69),
(7, 29, 70),
(7, 30, 71),
(8, 31, 72),
(8, 32, 73),
(8, 33, 74),
(9, 34, 75),
(9, 35, 76),
(9, 36, 77),
(10, 37, 78),
(10, 38, 79),
(10, 39, 80),
(11, 40, 81),
(11, 41, 82),
(11, 42, 83),
(12, 1, 84),
(12, 2, 85),
(12, 3, 86),
(13, 4, 87),
(13, 5, 88),
(13, 6, 89),
(14, 7, 90),
(14, 8, 91),
(14, 9, 92),
(15, 10, 93),
(15, 11, 94),
(15, 12, 95),
(16, 13, 96),
(16, 14, 97),
(16, 15, 98),
(17, 16, 99),
(17, 17, 100),
(17, 18, 101),
(18, 19, 102),
(18, 20, 103),
(18, 21, 104),
(19, 22, 105),
(19, 23, 106),
(19, 24, 107),
(20, 25, 108),
(20, 26, 109),
(20, 27, 110),
(21, 28, 111),
(21, 29, 112),
(21, 30, 113),
(22, 31, 114),
(22, 32, 115),
(22, 33, 116),
(23, 34, 117),
(23, 35, 118),
(23, 36, 119),
(24, 37, 120),
(24, 38, 121),
(24, 39, 122),
(25, 40, 123),
(25, 41, 124),
(25, 42, 125),
(26, 1, 126),
(26, 2, 127),
(26, 3, 128),
(27, 4, 129),
(27, 5, 130),
(27, 6, 131),
(28, 7, 132),
(28, 8, 133),
(28, 9, 134),
(29, 10, 135),
(29, 11, 136),
(29, 12, 137),
(30, 13, 138),
(30, 14, 139),
(30, 15, 140),
(31, 16, 141),
(31, 17, 142),
(31, 18, 143),
(32, 19, 144),
(32, 20, 145),
(32, 21, 146),
(33, 22, 147),
(33, 23, 148),
(33, 24, 149),
(34, 25, 150),
(34, 26, 151),
(34, 27, 152),
(35, 28, 153),
(35, 29, 154),
(35, 30, 155),
(36, 31, 156),
(36, 32, 157),
(36, 33, 158),
(37, 34, 159),
(37, 35, 160),
(37, 36, 161),
(38, 37, 162),
(38, 38, 163),
(38, 39, 164),
(39, 40, 165),
(39, 41, 166),
(39, 42, 167),
(40, 1, 168),
(40, 2, 169),
(40, 3, 170),
(41, 4, 171),
(41, 5, 172),
(41, 6, 173),
(42, 7, 174),
(42, 8, 175),
(42, 9, 176),
(43, 10, 177),
(43, 11, 178),
(43, 12, 179),
(44, 13, 180),
(44, 14, 181),
(44, 15, 182),
(45, 16, 183),
(45, 17, 184),
(45, 18, 185),
(46, 19, 186),
(46, 20, 187),
(46, 21, 188),
(47, 22, 189),
(47, 23, 190),
(47, 24, 191),
(48, 25, 192),
(48, 26, 193),
(48, 27, 194),
(49, 28, 195),
(49, 29, 196),
(49, 30, 197),
(50, 31, 198),
(50, 32, 199),
(50, 33, 200),
(51, 34, 201),
(51, 35, 202),
(51, 36, 203),
(52, 37, 204),
(52, 38, 205),
(52, 39, 206),
(53, 40, 207),
(53, 41, 208),
(53, 42, 209),
(54, 1, 210),
(54, 2, 211),
(54, 3, 212),
(55, 4, 213),
(55, 5, 214),
(55, 6, 215),
(56, 7, 216),
(56, 8, 217),
(56, 9, 218),
(57, 10, 219),
(57, 11, 220),
(57, 12, 221),
(58, 13, 222),
(58, 14, 223),
(58, 15, 224),
(59, 16, 225),
(59, 17, 226),
(59, 18, 227),
(60, 19, 228),
(60, 20, 229),
(60, 21, 230),
(61, 22, 231),
(61, 23, 232),
(61, 24, 233),
(62, 25, 234),
(62, 26, 235),
(62, 27, 236),
(63, 28, 237),
(63, 29, 238),
(63, 30, 239),
(64, 31, 240),
(64, 32, 241),
(64, 33, 242),
(65, 34, 243),
(65, 35, 244),
(65, 36, 245),
(66, 37, 246),
(66, 38, 247),
(66, 39, 248),
(67, 40, 249),
(67, 41, 250),
(67, 42, 251),
(68, 1, 252),
(68, 2, 253),
(68, 3, 254),
(69, 4, 255),
(69, 5, 256),
(69, 6, 257),
(70, 7, 258),
(70, 8, 259),
(70, 9, 260),
(71, 10, 261),
(71, 11, 262),
(71, 12, 263),
(72, 13, 264),
(72, 14, 265),
(72, 15, 266),
(73, 16, 267),
(73, 17, 268),
(73, 18, 269),
(74, 19, 270),
(74, 20, 271),
(74, 21, 272),
(75, 22, 273),
(75, 23, 274),
(75, 24, 275),
(76, 25, 276),
(76, 26, 277),
(76, 27, 278),
(77, 28, 279),
(77, 29, 280),
(77, 30, 281),
(78, 31, 282),
(78, 32, 283),
(78, 33, 284),
(79, 34, 285),
(79, 35, 286),
(79, 36, 287),
(80, 37, 288),
(80, 38, 289),
(80, 39, 290),
(81, 40, 291),
(81, 41, 292),
(81, 42, 293),
(82, 1, 294),
(82, 2, 295),
(82, 3, 296),
(83, 4, 297),
(83, 5, 298),
(83, 6, 299),
(84, 7, 300),
(84, 8, 301),
(84, 9, 302),
(85, 10, 303),
(85, 11, 304),
(85, 12, 305),
(86, 13, 306),
(86, 14, 307),
(86, 15, 308),
(87, 16, 309),
(87, 17, 310),
(87, 18, 311),
(88, 19, 312),
(88, 20, 313),
(88, 21, 314),
(89, 22, 315),
(89, 23, 316),
(89, 24, 317),
(90, 25, 318),
(90, 26, 319),
(90, 27, 320),
(91, 28, 321),
(91, 29, 322),
(91, 30, 323),
(92, 31, 324),
(92, 32, 325),
(92, 33, 326),
(93, 34, 327),
(93, 35, 328),
(93, 36, 329),
(94, 37, 330),
(94, 38, 331),
(94, 39, 332),
(95, 40, 333),
(95, 41, 334),
(95, 42, 335),
(96, 1, 336),
(96, 2, 337),
(96, 3, 338),
(97, 4, 339),
(97, 5, 340),
(97, 6, 341),
(98, 7, 342),
(98, 8, 343),
(98, 9, 344),
(99, 10, 345),
(99, 11, 346),
(99, 12, 347),
(100, 13, 348),
(100, 14, 349),
(100, 15, 350);



INSERT INTO Equipment_Maintenance (Maintenance_ID, Equipment_ID, Condition_State, uses_frequency, Maintenance_cost, Last_maintanance_Date) VALUES
(1, 1, 'Good', 'Daily', 150.00, '2019-05-15'),
(2, 2, 'Fair', 'Daily', 25.00, '2019-07-20'),
(3, 3, 'Poor', 'Daily', 50.00, '2019-09-10'),
(4, 4, 'Good', 'Daily', 800.00, '2019-11-12'),
(5, 5, 'Needs Repair', 'Weekly', 75.00, '2020-01-08'),
(6, 6, 'Good', 'Daily', 150.00, '2020-03-22'),
(7, 7, 'Out of Service', 'Weekly', 40.00, '2020-05-18'),
(8, 8, 'Fair', 'Daily', 50.00, '2020-07-14'),
(9, 9, 'Under Maintenance', 'Daily', 30.00, '2020-09-25'),
(10, 10, 'Good', 'Daily', 15.00, '2020-11-30'),
(11, 11, 'Poor', 'Weekly', 120.00, '2021-01-16'),
(12, 12, 'Good', 'Daily', 10.00, '2021-02-05'),
(13, 13, 'Fair', 'Daily', 50.00, '2021-04-14'),
(14, 14, 'Needs Repair', 'Daily', 800.00, '2021-06-20'),
(15, 15, 'Good', 'Weekly', 75.00, '2021-08-12'),
(16, 16, 'Out of Service', 'Monthly', 200.00, '2021-10-08'),
(17, 17, 'Under Maintenance', 'Daily', 20.00, '2021-12-03'),
(18, 18, 'Fair', 'Daily', 50.00, '2022-02-15'),
(19, 19, 'Poor', 'Daily', 30.00, '2022-03-28'),
(20, 20, 'Good', 'Weekly', 60.00, '2022-05-22'),
(21, 21, 'Needs Repair', 'Daily', 150.00, '2022-07-17'),
(22, 22, 'Fair', 'Weekly', 35.00, '2022-09-11'),
(23, 23, 'Out of Service', 'Daily', 50.00, '2022-11-06'),
(24, 24, 'Good', 'Daily', 800.00, '2023-01-19'),
(25, 25, 'Under Maintenance', 'Daily', 150.00, '2023-02-24'),
(26, 26, 'Poor', 'Weekly', 180.00, '2023-04-10'),
(27, 27, 'Good', 'Daily', 25.00, '2023-06-15'),
(28, 28, 'Fair', 'Daily', 50.00, '2023-08-20'),
(29, 29, 'Needs Repair', 'Daily', 30.00, '2023-10-12'),
(30, 30, 'Good', 'Daily', 15.00, '2023-12-05'),
(31, 31, 'Out of Service', 'Weekly', 90.00, '2024-01-28'),
(32, 32, 'Fair', 'Daily', 20.00, '2024-03-14'),
(33, 33, 'Under Maintenance', 'Daily', 50.00, '2024-05-08'),
(34, 34, 'Good', 'Daily', 800.00, '2024-07-22'),
(35, 35, 'Poor', 'Weekly', 75.00, '2024-09-16'),
(36, 36, 'Good', 'Weekly', 250.00, '2024-11-03'),
(37, 37, 'Needs Repair', 'Daily', 10.00, '2024-12-18'),
(38, 38, 'Fair', 'Daily', 50.00, '2025-02-01'),
(39, 39, 'Out of Service', 'Daily', 30.00, '2025-03-25'),
(40, 40, 'Good', 'Weekly', 60.00, '2025-04-28'),
(41, 41, 'Under Maintenance', 'Daily', 150.00, '2019-06-12'),
(42, 42, 'Fair', 'Weekly', 40.00, '2019-08-18'),
(43, 43, 'Poor', 'Daily', 50.00, '2019-10-22'),
(44, 44, 'Good', 'Daily', 800.00, '2019-12-15'),
(45, 45, 'Needs Repair', 'Daily', 15.00, '2020-02-08'),
(46, 46, 'Good', 'Weekly', 120.00, '2020-04-14'),
(47, 47, 'Out of Service', 'Daily', 25.00, '2020-06-20'),
(48, 48, 'Fair', 'Daily', 50.00, '2020-08-25'),
(49, 49, 'Under Maintenance', 'Daily', 30.00, '2020-10-30'),
(50, 50, 'Good', 'Weekly', 75.00, '2020-12-12'),
(51, 51, 'Poor', 'Weekly', 300.00, '2021-02-18'),
(52, 52, 'Fair', 'Daily', 20.00, '2021-03-22'),
(53, 53, 'Needs Repair', 'Daily', 50.00, '2021-05-28'),
(54, 54, 'Good', 'Daily', 800.00, '2021-07-15'),
(55, 55, 'Out of Service', 'Daily', 15.00, '2021-09-20'),
(56, 56, 'Good', 'Monthly', 200.00, '2021-11-25'),
(57, 57, 'Under Maintenance', 'Weekly', 35.00, '2022-01-30'),
(58, 58, 'Fair', 'Daily', 50.00, '2022-04-05'),
(59, 59, 'Poor', 'Daily', 30.00, '2022-06-10'),
(60, 60, 'Good', 'Weekly', 60.00, '2022-08-15'),
(61, 61, 'Needs Repair', 'Daily', 150.00, '2022-10-20'),
(62, 62, 'Fair', 'Daily', 10.00, '2022-12-25'),
(63, 63, 'Out of Service', 'Daily', 50.00, '2023-02-28'),
(64, 64, 'Good', 'Daily', 800.00, '2023-05-05'),
(65, 65, 'Under Maintenance', 'Weekly', 75.00, '2023-07-10'),
(66, 66, 'Good', 'Weekly', 90.00, '2023-09-15'),
(67, 67, 'Poor', 'Daily', 25.00, '2023-11-20'),
(68, 68, 'Fair', 'Daily', 50.00, '2024-01-25'),
(69, 69, 'Needs Repair', 'Daily', 30.00, '2024-03-30'),
(70, 70, 'Good', 'Daily', 15.00, '2024-06-05'),
(71, 71, 'Out of Service', 'Weekly', 180.00, '2024-08-10'),
(72, 72, 'Fair', 'Daily', 20.00, '2024-10-15'),
(73, 73, 'Under Maintenance', 'Daily', 50.00, '2024-12-20'),
(74, 74, 'Good', 'Daily', 800.00, '2025-02-25'),
(75, 75, 'Poor', 'Weekly', 60.00, '2025-05-01'),
(76, 76, 'Good', 'Daily', 150.00, '2019-07-08'),
(77, 77, 'Needs Repair', 'Weekly', 40.00, '2019-09-13'),
(78, 78, 'Fair', 'Daily', 50.00, '2019-11-18'),
(79, 79, 'Out of Service', 'Daily', 30.00, '2020-01-23'),
(80, 80, 'Good', 'Weekly', 75.00, '2020-03-28'),
(81, 81, 'Under Maintenance', 'Weekly', 350.00, '2020-06-02'),
(82, 82, 'Fair', 'Weekly', 35.00, '2020-08-07'),
(83, 83, 'Poor', 'Daily', 50.00, '2020-10-12'),
(84, 84, 'Good', 'Daily', 800.00, '2020-12-17'),
(85, 85, 'Needs Repair', 'Daily', 15.00, '2021-02-22'),
(86, 86, 'Good', 'Weekly', 180.00, '2021-04-26'),
(87, 87, 'Out of Service', 'Daily', 25.00, '2021-07-03'),
(88, 88, 'Fair', 'Daily', 50.00, '2021-09-08'),
(89, 89, 'Under Maintenance', 'Daily', 30.00, '2021-11-13'),
(90, 90, 'Good', 'Weekly', 60.00, '2022-01-18'),
(91, 91, 'Poor', 'Weekly', 140.00, '2022-03-23'),
(92, 92, 'Fair', 'Daily', 10.00, '2022-05-30'),
(93, 93, 'Needs Repair', 'Daily', 50.00, '2022-08-04'),
(94, 94, 'Good', 'Daily', 800.00, '2022-10-09'),
(95, 95, 'Out of Service', 'Weekly', 75.00, '2022-12-14'),
(96, 96, 'Good', 'Daily', 150.00, '2023-02-19'),
(97, 97, 'Under Maintenance', 'Daily', 20.00, '2023-04-23'),
(98, 98, 'Fair', 'Daily', 50.00, '2023-06-30'),
(99, 99, 'Poor', 'Daily', 30.00, '2023-09-05'),
(100, 100, 'Good', 'Daily', 15.00, '2023-11-10'),
(101, 101, 'Needs Repair', 'Weekly', 300.00, '2024-01-15'),
(102, 102, 'Fair', 'Weekly', 40.00, '2024-03-20'),
(103, 103, 'Out of Service', 'Daily', 50.00, '2024-05-25'),
(104, 104, 'Good', 'Daily', 800.00, '2024-07-30'),
(105, 105, 'Under Maintenance', 'Weekly', 60.00, '2024-10-04'),
(106, 106, 'Good', 'Monthly', 200.00, '2024-12-09'),
(107, 107, 'Poor', 'Daily', 25.00, '2025-02-14'),
(108, 108, 'Fair', 'Daily', 50.00, '2025-04-18'),
(109, 109, 'Needs Repair', 'Daily', 30.00, '2025-06-25'),
(110, 110, 'Good', 'Weekly', 75.00, '2019-08-30'),
(111, 111, 'Out of Service', 'Daily', 150.00, '2019-10-15'),
(112, 112, 'Fair', 'Weekly', 35.00, '2019-12-20'),
(113, 113, 'Under Maintenance', 'Daily', 50.00, '2020-02-25'),
(114, 114, 'Good', 'Daily', 800.00, '2020-05-01'),
(115, 115, 'Poor', 'Daily', 15.00, '2020-07-06'),
(116, 116, 'Good', 'Weekly', 250.00, '2020-09-11'),
(117, 117, 'Needs Repair', 'Daily', 10.00, '2020-11-16'),
(118, 118, 'Fair', 'Daily', 50.00, '2021-01-21'),
(119, 119, 'Out of Service', 'Daily', 30.00, '2021-03-26'),
(120, 120, 'Good', 'Weekly', 60.00, '2021-06-02'),
(121, 121, 'Under Maintenance', 'Weekly', 90.00, '2021-08-07'),
(122, 122, 'Fair', 'Daily', 20.00, '2021-10-12'),
(123, 123, 'Poor', 'Daily', 50.00, '2021-12-17'),
(124, 124, 'Good', 'Daily', 800.00, '2022-02-22'),
(125, 125, 'Needs Repair', 'Weekly', 75.00, '2022-04-27'),
(126, 126, 'Good', 'Daily', 150.00, '2022-07-04'),
(127, 127, 'Out of Service', 'Daily', 25.00, '2022-09-09'),
(128, 128, 'Fair', 'Daily', 50.00, '2022-11-14'),
(129, 129, 'Under Maintenance', 'Daily', 30.00, '2023-01-19'),
(130, 130, 'Good', 'Daily', 15.00, '2023-03-24'),
(131, 131, 'Poor', 'Weekly', 120.00, '2023-05-31'),
(132, 132, 'Fair', 'Weekly', 40.00, '2023-08-05'),
(133, 133, 'Needs Repair', 'Daily', 50.00, '2023-10-10'),
(134, 134, 'Good', 'Daily', 800.00, '2023-12-15'),
(135, 135, 'Out of Service', 'Weekly', 60.00, '2024-02-20'),
(136, 136, 'Good', 'Weekly', 180.00, '2024-04-24'),
(137, 137, 'Under Maintenance', 'Weekly', 35.00, '2024-06-30'),
(138, 138, 'Fair', 'Daily', 50.00, '2024-09-05'),
(139, 139, 'Poor', 'Daily', 30.00, '2024-11-10'),
(140, 140, 'Good', 'Weekly', 75.00, '2025-01-15'),
(141, 141, 'Needs Repair', 'Daily', 150.00, '2025-03-20'),
(142, 142, 'Fair', 'Daily', 10.00, '2019-09-25'),
(143, 143, 'Out of Service', 'Daily', 50.00, '2019-11-30'),
(144, 144, 'Good', 'Daily', 800.00, '2020-02-05'),
(145, 145, 'Under Maintenance', 'Daily', 15.00, '2020-04-10'),
(146, 146, 'Good', 'Weekly', 180.00, '2020-06-16'),
(147, 147, 'Poor', 'Daily', 20.00, '2020-08-21'),
(148, 148, 'Fair', 'Daily', 50.00, '2020-10-26'),
(149, 149, 'Needs Repair', 'Daily', 30.00, '2020-12-31'),
(150, 150, 'Good', 'Weekly', 60.00, '2021-03-05'),
(151, 151, 'Out of Service', 'Weekly', 350.00, '2021-05-12'),
(152, 152, 'Fair', 'Daily', 25.00, '2021-07-17'),
(153, 153, 'Under Maintenance', 'Daily', 50.00, '2021-09-22'),
(154, 154, 'Good', 'Daily', 800.00, '2021-11-27'),
(155, 155, 'Poor', 'Weekly', 75.00, '2022-02-02'),
(156, 156, 'Good', 'Weekly', 140.00, '2022-04-07'),
(157, 157, 'Needs Repair', 'Weekly', 40.00, '2022-06-14'),
(158, 158, 'Fair', 'Daily', 50.00, '2022-08-19'),
(159, 159, 'Out of Service', 'Daily', 30.00, '2022-10-24'),
(160, 160, 'Good', 'Daily', 15.00, '2022-12-29'),
(161, 161, 'Under Maintenance', 'Daily', 150.00, '2023-03-03'),
(162, 162, 'Fair', 'Weekly', 35.00, '2023-05-10'),
(163, 163, 'Poor', 'Daily', 50.00, '2023-07-15'),
(164, 164, 'Good', 'Daily', 800.00, '2023-09-20'),
(165, 165, 'Needs Repair', 'Weekly', 60.00, '2023-11-25'),
(166, 166, 'Good', 'Weekly', 300.00, '2024-01-30'),
(167, 167, 'Out of Service', 'Daily', 10.00, '2024-04-04'),
(168, 168, 'Fair', 'Daily', 50.00, '2024-06-11'),
(169, 169, 'Under Maintenance', 'Daily', 30.00, '2024-08-16'),
(170, 170, 'Good', 'Weekly', 75.00, '2024-10-21'),
(171, 171, 'Poor', 'Weekly', 90.00, '2024-12-26'),
(172, 172, 'Fair', 'Daily', 20.00, '2025-02-28'),
(173, 173, 'Needs Repair', 'Daily', 50.00, '2025-05-07'),
(174, 174, 'Good', 'Daily', 800.00, '2019-10-12'),
(175, 175, 'Out of Service', 'Daily', 15.00, '2019-12-17'),
(176, 176, 'Good', 'Daily', 150.00, '2020-02-22'),
(177, 177, 'Under Maintenance', 'Daily', 25.00, '2020-04-27'),
(178, 178, 'Fair', 'Daily', 50.00, '2020-07-03'),
(179, 179, 'Poor', 'Daily', 30.00, '2020-09-08'),
(180, 180, 'Good', 'Weekly', 60.00, '2020-11-13'),
(181, 181, 'Needs Repair', 'Monthly', 200.00, '2021-01-18'),
(182, 182, 'Fair', 'Weekly', 40.00, '2021-03-23'),
(183, 183, 'Out of Service', 'Daily', 50.00, '2021-05-30'),
(184, 184, 'Good', 'Daily', 800.00, '2021-08-04'),
(185, 185, 'Under Maintenance', 'Weekly', 75.00, '2021-10-09'),
(186, 186, 'Good', 'Weekly', 250.00, '2021-12-14'),
(187, 187, 'Poor', 'Weekly', 35.00, '2022-02-19'),
(188, 188, 'Fair', 'Daily', 50.00, '2022-04-23'),
(189, 189, 'Needs Repair', 'Daily', 30.00, '2022-06-30'),
(190, 190, 'Good', 'Daily', 15.00, '2022-09-05'),
(191, 191, 'Out of Service', 'Daily', 150.00, '2022-11-10'),
(192, 192, 'Fair', 'Daily', 10.00, '2023-01-15'),
(193, 193, 'Under Maintenance', 'Daily', 50.00, '2023-03-20'),
(194, 194, 'Good', 'Daily', 800.00, '2023-05-27'),
(195, 195, 'Poor', 'Weekly', 60.00, '2023-08-01'),
(196, 196, 'Good', 'Weekly', 120.00, '2023-10-06'),
(197, 197, 'Needs Repair', 'Daily', 20.00, '2023-12-11'),
(198, 198, 'Fair', 'Daily', 50.00, '2024-02-16'),
(199, 199, 'Out of Service', 'Daily', 30.00, '2024-04-21'),
(200, 200, 'Good', 'Weekly', 75.00, '2024-06-27'),
(201, 201, 'Under Maintenance', 'Weekly', 180.00, '2024-09-02'),
(202, 202, 'Fair', 'Daily', 25.00, '2024-11-07'),
(203, 203, 'Poor', 'Daily', 50.00, '2024-01-12'),
(204, 204, 'Good', 'Daily', 800.00, '2025-03-17'),
(205, 205, 'Needs Repair', 'Daily', 15.00, '2019-11-22'),
(206, 206, 'Good', 'Daily', 150.00, '2020-01-27'),
(207, 207, 'Out of Service', 'Weekly', 40.00, '2020-03-02'),
(208, 208, 'Fair', 'Daily', 50.00, '2020-05-08'),
(209, 209, 'Under Maintenance', 'Daily', 30.00, '2020-07-13'),
(210, 210, 'Good', 'Weekly', 60.00, '2020-09-18'),
(211, 211, 'Poor', 'Weekly', 180.00, '2020-11-23'),
(212, 212, 'Fair', 'Weekly', 35.00, '2021-01-28'),
(213, 213, 'Needs Repair', 'Daily', 50.00, '2021-04-02'),
(214, 214, 'Good', 'Daily', 800.00, '2021-06-09'),
(215, 215, 'Out of Service', 'Weekly', 75.00, '2021-08-14'),
(216, 216, 'Good', 'Weekly', 90.00, '2021-10-19'),
(217, 217, 'Under Maintenance', 'Daily', 10.00, '2021-12-24'),
(218, 218, 'Fair', 'Daily', 50.00, '2022-02-28'),
(219, 219, 'Poor', 'Daily', 30.00, '2022-05-05'),
(220, 220, 'Good', 'Daily', 15.00, '2022-07-10'),
(221, 221, 'Needs Repair', 'Daily', 150.00, '2022-09-15'),
(222, 222, 'Fair', 'Daily', 20.00, '2022-11-20'),
(223, 223, 'Out of Service', 'Daily', 50.00, '2023-01-25'),
(224, 224, 'Good', 'Daily', 800.00, '2023-03-30'),
(225, 225, 'Under Maintenance', 'Weekly', 60.00, '2023-06-06'),
(226, 226, 'Good', 'Weekly', 350.00, '2023-08-11'),
(227, 227, 'Poor', 'Daily', 25.00, '2023-10-16'),
(228, 228, 'Fair', 'Daily', 50.00, '2023-12-21'),
(229, 229, 'Needs Repair', 'Daily', 30.00, '2024-02-26'),
(230, 230, 'Good', 'Weekly', 75.00, '2024-05-02'),
(231, 231, 'Out of Service', 'Weekly', 300.00, '2024-07-07'),
(232, 232, 'Fair', 'Weekly', 40.00, '2024-09-12'),
(233, 233, 'Under Maintenance', 'Daily', 50.00, '2024-11-17'),
(234, 234, 'Good', 'Daily', 800.00, '2025-01-22'),
(235, 235, 'Poor', 'Daily', 15.00, '2025-03-27'),
(236, 236, 'Good', 'Daily', 150.00, '2019-12-04'),
(237, 237, 'Needs Repair', 'Weekly', 35.00, '2020-02-09'),
(238, 238, 'Fair', 'Daily', 50.00, '2020-04-14'),
(239, 239, 'Out of Service', 'Daily', 30.00, '2020-06-20'),
(240, 240, 'Good', 'Weekly', 60.00, '2020-08-25'),
(241, 241, 'Under Maintenance', 'Weekly', 140.00, '2020-10-30'),
(242, 242, 'Fair', 'Daily', 10.00, '2021-01-04'),
(243, 243, 'Poor', 'Daily', 50.00, '2021-03-09'),
(244, 244, 'Good', 'Daily', 800.00, '2021-05-16'),
(245, 245, 'Needs Repair', 'Weekly', 75.00, '2021-07-21'),
(246, 246, 'Good', 'Monthly', 200.00, '2021-09-26'),
(247, 247, 'Out of Service', 'Daily', 20.00, '2021-11-30'),
(248, 248, 'Fair', 'Daily', 50.00, '2022-02-05'),
(249, 249, 'Under Maintenance', 'Daily', 30.00, '2022-04-10'),
(250, 250, 'Good', 'Daily', 15.00, '2022-06-17'),
(251, 251, 'Poor', 'Daily', 150.00, '2022-08-22'),
(252, 252, 'Fair', 'Daily', 25.00, '2022-10-27'),
(253, 253, 'Needs Repair', 'Daily', 50.00, '2023-01-01'),
(254, 254, 'Good', 'Daily', 800.00, '2023-03-06'),
(255, 255, 'Out of Service', 'Weekly', 60.00, '2023-05-13'),
(256, 256, 'Good', 'Weekly', 250.00, '2023-07-18'),
(257, 257, 'Under Maintenance', 'Weekly', 40.00, '2023-09-23'),
(258, 258, 'Fair', 'Daily', 50.00, '2023-11-28'),
(259, 259, 'Poor', 'Daily', 30.00, '2024-02-03'),
(260, 260, 'Good', 'Weekly', 75.00, '2024-04-08'),
(261, 261, 'Needs Repair', 'Weekly', 120.00, '2024-06-15'),
(262, 262, 'Fair', 'Weekly', 35.00, '2024-08-20'),
(263, 263, 'Out of Service', 'Daily', 50.00, '2024-10-25'),
(264, 264, 'Good', 'Daily', 800.00, '2024-12-30'),
(265, 265, 'Under Maintenance', 'Daily', 15.00, '2025-03-04'),
(266, 266, 'Good', 'Daily', 150.00, '2020-01-09'),
(267, 267, 'Poor', 'Daily', 10.00, '2020-03-14'),
(268, 268, 'Fair', 'Daily', 50.00, '2020-05-20'),
(269, 269, 'Needs Repair', 'Daily', 30.00, '2020-07-25'),
(270, 270, 'Good', 'Weekly', 60.00, '2020-09-30'),
(271, 271, 'Out of Service', 'Weekly', 180.00, '2020-12-04'),
(272, 272, 'Fair', 'Daily', 20.00, '2021-02-09'),
(273, 273, 'Under Maintenance', 'Daily', 50.00, '2021-04-14'),
(274, 274, 'Good', 'Daily', 800.00, '2021-06-21'),
(275, 275, 'Poor', 'Weekly', 75.00, '2021-08-26'),
(276, 276, 'Good', 'Weekly', 180.00, '2021-11-01'),
(277, 277, 'Needs Repair', 'Daily', 25.00, '2022-01-06'),
(278, 278, 'Fair', 'Daily', 50.00, '2022-03-11'),
(279, 279, 'Out of Service', 'Daily', 30.00, '2022-05-18'),
(280, 280, 'Good', 'Daily', 15.00, '2022-07-23'),
(281, 281, 'Under Maintenance', 'Daily', 150.00, '2022-09-28'),
(282, 282, 'Poor', 'Weekly', 40.00, '2022-12-02'),
(283, 283, 'Fair', 'Daily', 50.00, '2023-02-07'),
(284, 284, 'Needs Repair', 'Daily', 800.00, '2023-04-12'),
(285, 285, 'Out of Service', 'Weekly', 60.00, '2023-06-19'),
(286, 286, 'Good', 'Weekly', 90.00, '2023-08-24'),
(287, 287, 'Under Maintenance', 'Weekly', 35.00, '2023-10-29'),
(288, 288, 'Fair', 'Daily', 50.00, '2024-01-03'),
(289, 289, 'Poor', 'Daily', 30.00, '2024-03-08'),
(290, 290, 'Good', 'Weekly', 75.00, '2024-05-15'),
(291, 291, 'Needs Repair', 'Weekly', 350.00, '2024-07-20'),
(292, 292, 'Fair', 'Daily', 10.00, '2024-09-25'),
(293, 293, 'Out of Service', 'Daily', 50.00, '2024-11-30'),
(294, 294, 'Good', 'Daily', 800.00, '2025-02-05'),
(295, 295, 'Under Maintenance', 'Daily', 15.00, '2025-04-10'),
(296, 296, 'Good', 'Daily', 150.00, '2020-02-15'),
(297, 297, 'Poor', 'Daily', 20.00, '2020-04-20'),
(298, 298, 'Fair', 'Daily', 50.00, '2020-06-26'),
(299, 299, 'Needs Repair', 'Daily', 30.00, '2020-09-01'),
(300, 300, 'Good', 'Weekly', 60.00, '2020-11-06'),
(301, 301, 'Out of Service', 'Weekly', 300.00, '2021-01-11'),
(302, 302, 'Fair', 'Daily', 25.00, '2021-03-16'),
(303, 303, 'Under Maintenance', 'Daily', 50.00, '2021-05-23'),
(304, 304, 'Good', 'Daily', 800.00, '2021-07-28'),
(305, 305, 'Poor', 'Weekly', 75.00, '2021-10-02'),
(306, 306, 'Good', 'Weekly', 140.00, '2021-12-07'),
(307, 307, 'Needs Repair', 'Weekly', 40.00, '2022-02-12'),
(308, 308, 'Fair', 'Daily', 50.00, '2022-04-17'),
(309, 309, 'Out of Service', 'Daily', 30.00, '2022-06-24'),
(310, 310, 'Good', 'Daily', 15.00, '2022-08-29'),
(311, 311, 'Under Maintenance', 'Daily', 150.00, '2022-11-04'),
(312, 312, 'Fair', 'Weekly', 35.00, '2023-01-09'),
(313, 313, 'Poor', 'Daily', 50.00, '2023-03-14'),
(314, 314, 'Good', 'Daily', 800.00, '2023-05-21'),
(315, 315, 'Needs Repair', 'Weekly', 60.00, '2023-07-26'),
(316, 316, 'Good', 'Monthly', 200.00, '2023-09-30'),
(317, 317, 'Out of Service', 'Daily', 10.00, '2023-12-05'),
(318, 318, 'Fair', 'Daily', 50.00, '2024-02-10'),
(319, 319, 'Under Maintenance', 'Daily', 30.00, '2024-04-15'),
(320, 320, 'Good', 'Weekly', 75.00, '2024-06-21'),
(321, 321, 'Poor', 'Weekly', 250.00, '2024-08-26'),
(322, 322, 'Fair', 'Daily', 20.00, '2024-11-01'),
(323, 323, 'Needs Repair', 'Daily', 50.00, '2025-01-06'),
(324, 324, 'Good', 'Daily', 800.00, '2025-03-11'),
(325, 325, 'Out of Service', 'Daily', 15.00, '2019-03-16'),
(326, 326, 'Good', 'Daily', 150.00, '2019-05-23'),
(327, 327, 'Under Maintenance', 'Daily', 25.00, '2019-07-28'),
(328, 328, 'Fair', 'Daily', 50.00, '2019-10-02'),
(329, 329, 'Poor', 'Daily', 30.00, '2019-12-07'),
(330, 330, 'Good', 'Weekly', 60.00, '2020-02-12'),
(331, 331, 'Needs Repair', 'Weekly', 120.00, '2020-04-17'),
(332, 332, 'Fair', 'Weekly', 40.00, '2020-06-23'),
(333, 333, 'Out of Service', 'Daily', 50.00, '2020-08-28'),
(334, 334, 'Good', 'Daily', 800.00, '2020-11-02'),
(335, 335, 'Under Maintenance', 'Weekly', 75.00, '2021-01-07'),
(336, 336, 'Good', 'Weekly', 180.00, '2021-03-12'),
(337, 337, 'Poor', 'Weekly', 35.00, '2021-05-19'),
(338, 338, 'Fair', 'Daily', 50.00, '2021-07-24'),
(339, 339, 'Needs Repair', 'Daily', 30.00, '2021-09-29'),
(340, 340, 'Good', 'Daily', 15.00, '2021-12-03'),
(341, 341, 'Out of Service', 'Daily', 150.00, '2022-02-08'),
(342, 342, 'Fair', 'Daily', 10.00, '2022-04-13'),
(343, 343, 'Under Maintenance', 'Daily', 50.00, '2022-06-20'),
(344, 344, 'Good', 'Daily', 800.00, '2022-08-25'),
(345, 345, 'Poor', 'Weekly', 60.00, '2022-10-30'),
(346, 346, 'Good', 'Weekly', 180.00, '2023-01-04'),
(347, 347, 'Needs Repair', 'Daily', 20.00, '2023-03-09'),
(348, 348, 'Fair', 'Daily', 50.00, '2023-05-16'),
(349, 349, 'Out of Service', 'Daily', 30.00, '2023-07-21'),
(350, 350, 'Good', 'Weekly', 75.00, '2023-09-26'),
(351, 351, 'Under Maintenance', 'Weekly', 90.00, '2023-11-30'),
(352, 352, 'Fair', 'Daily', 25.00, '2024-02-05'),
(353, 353, 'Poor', 'Daily', 50.00, '2024-04-10'),
(354, 354, 'Good', 'Daily', 800.00, '2024-06-16'),
(355, 355, 'Needs Repair', 'Daily', 15.00, '2024-08-21'),
(356, 356, 'Good', 'Weekly', 350.00, '2024-10-26'),
(357, 357, 'Out of Service', 'Weekly', 40.00, '2024-12-31'),
(358, 358, 'Fair', 'Daily', 50.00, '2025-03-05'),
(359, 359, 'Under Maintenance', 'Daily', 30.00, '2019-04-10'),
(360, 360, 'Good', 'Weekly', 60.00, '2019-06-15'),
(361, 361, 'Poor', 'Daily', 150.00, '2019-08-20'),
(362, 362, 'Fair', 'Weekly', 35.00, '2019-10-25'),
(363, 363, 'Needs Repair', 'Daily', 50.00, '2019-12-30'),
(364, 364, 'Good', 'Daily', 800.00, '2020-03-04'),
(365, 365, 'Out of Service', 'Weekly', 75.00, '2020-05-10'),
(366, 366, 'Good', 'Weekly', 300.00, '2020-07-15'),
(367, 367, 'Under Maintenance', 'Daily', 10.00, '2020-09-20'),
(368, 368, 'Fair', 'Daily', 50.00, '2020-11-25'),
(369, 369, 'Poor', 'Daily', 30.00, '2021-01-30'),
(370, 370, 'Good', 'Daily', 15.00, '2021-04-04'),
(371, 371, 'Needs Repair', 'Weekly', 140.00, '2021-06-11'),
(372, 372, 'Fair', 'Daily', 20.00, '2021-08-16'),
(373, 373, 'Out of Service', 'Daily', 50.00, '2021-10-21'),
(374, 374, 'Good', 'Daily', 800.00, '2021-12-26'),
(375, 375, 'Under Maintenance', 'Weekly', 60.00, '2022-02-21'),
(376, 376, 'Good', 'Monthly', 200.00, '2022-05-07'),
(377, 377, 'Poor', 'Daily', 25.00, '2022-07-12'),
(378, 378, 'Fair', 'Daily', 50.00, '2022-09-17'),
(379, 379, 'Needs Repair', 'Daily', 30.00, '2022-11-22'),
(380, 380, 'Good', 'Weekly', 75.00, '2023-01-27'),
(381, 381, 'Out of Service', 'Daily', 150.00, '2023-04-01'),
(382, 382, 'Fair', 'Weekly', 40.00, '2023-06-08'),
(383, 383, 'Under Maintenance', 'Daily', 50.00, '2023-08-13'),
(384, 384, 'Good', 'Daily', 800.00, '2023-10-18'),
(385, 385, 'Poor', 'Daily', 15.00, '2023-12-23'),
(386, 386, 'Good', 'Weekly', 250.00, '2024-02-28'),
(387, 387, 'Needs Repair', 'Weekly', 35.00, '2024-05-04'),
(388, 388, 'Fair', 'Daily', 50.00, '2024-07-09'),
(389, 389, 'Out of Service', 'Daily', 30.00, '2024-09-14'),
(390, 390, 'Good', 'Weekly', 60.00, '2024-11-19'),
(391, 391, 'Under Maintenance', 'Weekly', 120.00, '2025-01-24'),
(392, 392, 'Fair', 'Daily', 10.00, '2025-03-29'),
(393, 393, 'Poor', 'Daily', 50.00, '2019-05-06'),
(394, 394, 'Good', 'Daily', 800.00, '2019-07-11'),
(395, 395, 'Needs Repair', 'Weekly', 75.00, '2019-09-16'),
(396, 396, 'Good', 'Weekly', 180.00, '2019-11-21'),
(397, 397, 'Out of Service', 'Daily', 20.00, '2020-01-26'),
(398, 398, 'Fair', 'Daily', 50.00, '2020-03-31'),
(399, 399, 'Under Maintenance', 'Daily', 30.00, '2020-06-06'),
(400, 400, 'Good', 'Daily', 15.00, '2020-08-11'),
(401, 401, 'Poor', 'Daily', 150.00, '2024-03-15'),
(402, 402, 'Fair', 'Daily', 25.00, '2024-04-20'),
(403, 403, 'Needs Repair', 'Daily', 50.00, '2024-05-25'),
(404, 404, 'Good', 'Daily', 800.00, '2024-06-30'),
(405, 405, 'Out of Service', 'Weekly', 75.00, '2024-08-05'),
(406, 406, 'Good', 'Weekly', 180.00, '2024-09-10'),
(407, 407, 'Under Maintenance', 'Weekly', 40.00, '2024-10-15'),
(408, 408, 'Fair', 'Daily', 50.00, '2024-11-20'),
(409, 409, 'Poor', 'Daily', 30.00, '2024-12-25'),
(410, 410, 'Good', 'Daily', 15.00, '2025-01-30'),
(411, 411, 'Needs Repair', 'Weekly', 90.00, '2025-02-05'),
(412, 412, 'Fair', 'Daily', 10.00, '2025-03-10'),
(413, 413, 'Out of Service', 'Daily', 50.00, '2025-04-15'),
(414, 414, 'Good', 'Daily', 800.00, '2025-05-20'),
(415, 415, 'Under Maintenance', 'Weekly', 60.00, '2025-06-25'),
(416, 416, 'Good', 'Monthly', 200.00, '2025-07-30'),
(417, 417, 'Poor', 'Daily', 20.00, '2025-09-05'),
(418, 418, 'Fair', 'Daily', 50.00, '2025-10-10'),
(419, 419, 'Needs Repair', 'Daily', 30.00, '2025-11-15'),
(420, 420, 'Good', 'Weekly', 75.00, '2025-12-20'),
(421, 421, 'Out of Service', 'Weekly', 120.00, '2024-03-25'),
(422, 422, 'Fair', 'Weekly', 35.00, '2024-05-02'),
(423, 423, 'Under Maintenance', 'Daily', 50.00, '2024-06-07'),
(424, 424, 'Good', 'Daily', 800.00, '2024-07-12'),
(425, 425, 'Poor', 'Daily', 15.00, '2024-08-17'),
(426, 426, 'Good', 'Weekly', 300.00, '2024-09-22'),
(427, 427, 'Needs Repair', 'Daily', 25.00, '2024-10-27'),
(428, 428, 'Fair', 'Daily', 50.00, '2024-12-01'),
(429, 429, 'Out of Service', 'Daily', 30.00, '2025-01-06'),
(430, 430, 'Good', 'Weekly', 60.00, '2025-02-11'),
(431, 431, 'Under Maintenance', 'Weekly', 250.00, '2025-03-16'),
(432, 432, 'Fair', 'Weekly', 40.00, '2025-04-21'),
(433, 433, 'Poor', 'Daily', 50.00, '2025-05-28'),
(434, 434, 'Good', 'Daily', 800.00, '2025-07-03'),
(435, 435, 'Needs Repair', 'Weekly', 75.00, '2025-08-08'),
(436, 436, 'Good', 'Weekly', 180.00, '2024-04-13'),
(437, 437, 'Out of Service', 'Daily', 10.00, '2024-05-18'),
(438, 438, 'Fair', 'Daily', 50.00, '2024-06-23'),
(439, 439, 'Under Maintenance', 'Daily', 30.00, '2024-07-28'),
(440, 440, 'Good', 'Daily', 15.00, '2024-09-03'),
(441, 441, 'Poor', 'Weekly', 350.00, '2024-10-08'),
(442, 442, 'Fair', 'Daily', 20.00, '2024-11-13'),
(443, 443, 'Needs Repair', 'Daily', 50.00, '2024-12-18'),
(444, 444, 'Good', 'Daily', 800.00, '2025-01-23'),
(445, 445, 'Out of Service', 'Weekly', 60.00, '2025-02-28'),
(446, 446, 'Good', 'Weekly', 140.00, '2025-04-02'),
(447, 447, 'Under Maintenance', 'Weekly', 35.00, '2025-05-09'),
(448, 448, 'Fair', 'Daily', 50.00, '2025-06-14'),
(449, 449, 'Poor', 'Daily', 30.00, '2025-07-19'),
(450, 450, 'Good', 'Weekly', 75.00, '2025-08-24'),
(451, 451, 'Needs Repair', 'Daily', 150.00, '2025-03-05'),
(452, 452, 'Fair', 'Daily', 25.00, '2025-03-12'),
(453, 453, 'Out of Service', 'Daily', 50.00, '2025-03-19'),
(454, 454, 'Good', 'Daily', 800.00, '2025-03-26'),
(455, 455, 'Under Maintenance', 'Daily', 15.00, '2025-04-02'),
(456, 456, 'Good', 'Weekly', 180.00, '2025-04-09'),
(457, 457, 'Poor', 'Weekly', 40.00, '2025-04-16'),
(458, 458, 'Fair', 'Daily', 50.00, '2025-04-23'),
(459, 459, 'Needs Repair', 'Daily', 30.00, '2025-05-02'),
(460, 460, 'Good', 'Weekly', 60.00, '2025-05-09'),
(461, 461, 'Out of Service', 'Weekly', 90.00, '2025-05-16'),
(462, 462, 'Fair', 'Daily', 10.00, '2025-05-23'),
(463, 463, 'Under Maintenance', 'Daily', 50.00, '2025-05-30'),
(464, 464, 'Good', 'Daily', 800.00, '2025-06-06'),
(465, 465, 'Poor', 'Weekly', 75.00, '2025-06-13'),
(466, 466, 'Good', 'Monthly', 200.00, '2025-06-20'),
(467, 467, 'Needs Repair', 'Daily', 20.00, '2025-06-27'),
(468, 468, 'Fair', 'Daily', 50.00, '2025-07-04'),
(469, 469, 'Out of Service', 'Daily', 30.00, '2025-07-11'),
(470, 470, 'Good', 'Daily', 15.00, '2025-07-18'),
(471, 471, 'Under Maintenance', 'Weekly', 120.00, '2025-07-25'),
(472, 472, 'Fair', 'Weekly', 35.00, '2025-08-01'),
(473, 473, 'Poor', 'Daily', 50.00, '2025-08-08'),
(474, 474, 'Good', 'Daily', 800.00, '2025-08-15'),
(475, 475, 'Needs Repair', 'Weekly', 60.00, '2025-08-22'),
(476, 476, 'Good', 'Weekly', 300.00, '2025-08-29'),
(477, 477, 'Out of Service', 'Daily', 25.00, '2025-09-06'),
(478, 478, 'Fair', 'Daily', 50.00, '2025-09-13'),
(479, 479, 'Under Maintenance', 'Daily', 30.00, '2025-09-20'),
(480, 480, 'Good', 'Weekly', 75.00, '2025-09-27'),
(481, 481, 'Poor', 'Weekly', 250.00, '2025-10-03'),
(482, 482, 'Fair', 'Weekly', 40.00, '2025-10-10'),
(483, 483, 'Needs Repair', 'Daily', 50.00, '2025-10-17'),
(484, 484, 'Good', 'Daily', 800.00, '2025-10-24'),
(485, 485, 'Out of Service', 'Daily', 15.00, '2025-10-31'),
(486, 486, 'Good', 'Weekly', 180.00, '2025-11-07'),
(487, 487, 'Under Maintenance', 'Daily', 10.00, '2025-11-14'),
(488, 488, 'Fair', 'Daily', 50.00, '2025-11-21'),
(489, 489, 'Poor', 'Daily', 30.00, '2025-11-28'),
(490, 490, 'Good', 'Weekly', 60.00, '2025-12-05'),
(491, 491, 'Needs Repair', 'Weekly', 350.00, '2025-12-12'),
(492, 492, 'Fair', 'Daily', 20.00, '2025-12-19'),
(493, 493, 'Out of Service', 'Daily', 50.00, '2025-12-26'),
(494, 494, 'Good', 'Daily', 800.00, '2025-01-02'),
(495, 495, 'Under Maintenance', 'Weekly', 75.00, '2025-01-09'),
(496, 496, 'Good', 'Weekly', 140.00, '2025-01-16'),
(497, 497, 'Poor', 'Weekly', 35.00, '2025-01-23'),
(498, 498, 'Fair', 'Daily', 50.00, '2025-01-30'),
(499, 499, 'Needs Repair', 'Daily', 30.00, '2025-02-07'),
(500, 500, 'Good', 'Daily', 15.00, '2025-02-14'),
(501, 501, 'Out of Service', 'Daily', 150.00, '2025-03-08'),
(502, 502, 'Fair', 'Daily', 25.00, '2025-03-15'),
(503, 503, 'Under Maintenance', 'Daily', 50.00, '2025-03-22'),
(504, 504, 'Good', 'Daily', 800.00, '2025-03-29'),
(505, 505, 'Poor', 'Weekly', 60.00, '2025-04-05'),
(506, 506, 'Good', 'Weekly', 180.00, '2025-04-12'),
(507, 507, 'Needs Repair', 'Weekly', 40.00, '2025-04-19'),
(508, 508, 'Fair', 'Daily', 50.00, '2025-04-26'),
(509, 509, 'Out of Service', 'Daily', 30.00, '2025-05-05'),
(510, 510, 'Good', 'Weekly', 75.00, '2025-05-12'),
(511, 511, 'Under Maintenance', 'Weekly', 90.00, '2025-05-19'),
(512, 512, 'Fair', 'Daily', 10.00, '2025-05-26'),
(513, 513, 'Poor', 'Daily', 50.00, '2025-06-02'),
(514, 514, 'Good', 'Daily', 800.00, '2025-06-09'),
(515, 515, 'Needs Repair', 'Daily', 15.00, '2025-06-16'),
(516, 516, 'Good', 'Monthly', 200.00, '2025-06-23'),
(517, 517, 'Out of Service', 'Daily', 20.00, '2025-06-30'),
(518, 518, 'Fair', 'Daily', 50.00, '2025-07-07'),
(519, 519, 'Under Maintenance', 'Daily', 30.00, '2025-07-14'),
(520, 520, 'Good', 'Weekly', 60.00, '2025-07-21'),
(521, 521, 'Poor', 'Weekly', 120.00, '2025-07-28'),
(522, 522, 'Fair', 'Weekly', 35.00, '2025-08-04'),
(523, 523, 'Needs Repair', 'Daily', 50.00, '2025-08-11'),
(524, 524, 'Good', 'Daily', 800.00, '2025-08-18'),
(525, 525, 'Out of Service', 'Weekly', 75.00, '2025-08-25'),
(526, 526, 'Good', 'Weekly', 300.00, '2025-09-02'),
(527, 527, 'Under Maintenance', 'Daily', 25.00, '2025-09-09'),
(528, 528, 'Fair', 'Daily', 50.00, '2025-09-16'),
(529, 529, 'Poor', 'Daily', 30.00, '2025-09-23'),
(530, 530, 'Good', 'Daily', 15.00, '2025-09-30'),
(531, 531, 'Needs Repair', 'Weekly', 250.00, '2025-10-06'),
(532, 532, 'Fair', 'Weekly', 40.00, '2025-10-13'),
(533, 533, 'Out of Service', 'Daily', 50.00, '2025-10-20'),
(534, 534, 'Good', 'Daily', 800.00, '2025-10-27'),
(535, 535, 'Under Maintenance', 'Weekly', 60.00, '2025-11-03'),
(536, 536, 'Good', 'Weekly', 180.00, '2025-11-10'),
(537, 537, 'Poor', 'Daily', 10.00, '2025-11-17'),
(538, 538, 'Fair', 'Daily', 50.00, '2025-11-24'),
(539, 539, 'Needs Repair', 'Daily', 30.00, '2025-12-01'),
(540, 540, 'Good', 'Weekly', 75.00, '2025-12-08'),
(541, 541, 'Out of Service', 'Weekly', 350.00, '2025-12-15'),
(542, 542, 'Fair', 'Daily', 20.00, '2025-12-22'),
(543, 543, 'Under Maintenance', 'Daily', 50.00, '2025-12-29'),
(544, 544, 'Good', 'Daily', 800.00, '2025-01-05'),
(545, 545, 'Poor', 'Daily', 15.00, '2025-01-12'),
(546, 546, 'Good', 'Weekly', 140.00, '2025-01-19'),
(547, 547, 'Needs Repair', 'Weekly', 35.00, '2025-01-26'),
(548, 548, 'Fair', 'Daily', 50.00, '2025-02-02'),
(549, 549, 'Out of Service', 'Daily', 30.00, '2025-02-10'),
(550, 550, 'Good', 'Weekly', 60.00, '2025-02-17');



INSERT INTO Duty_Info (Duty_Type, Shift_Time) VALUES
('Lawn Mowing', 'morning'),
('Flower Arrangement', 'morning'),
('Equipment Repair', 'morning'),
('Drip System Setup', 'morning'),
('Ground Cleaning', 'morning'),
('Perimeter Patrol', 'night'),
('Tree Planting', 'morning'),
('Compost Mixing', 'morning'),
('Pest Spraying', 'evening'),
('Plant Watering', 'morning'),
('Garden Design', 'morning'),
('Supply Transport', 'morning'),
('Irrigation Monitoring', 'morning'),
('Waste Collection', 'morning'),
('Pruning', 'morning'),
('Seed Sowing', 'morning'),
('Tool Maintenance', 'evening'),
('Fertilizer Application', 'morning'),
('Area Sweeping', 'evening'),
('Night Security', 'night'),
('Soil Preparation', 'morning'),
('Organic Waste Processing', 'morning'),
('Insect Control', 'evening'),
('Greenhouse Monitoring', 'morning'),
('Landscape Maintenance', 'morning'),
('Material Handling', 'morning'),
('Water Quality Check', 'morning'),
('Debris Removal', 'evening');



INSERT INTO Gardening_Staff_Duty (Staff_ID, Duty_Type, Assigned_Area, Shift_Time) VALUES
(1, 'Lawn Mowing', 'Garden Area', 'morning'),
(2, 'Flower Arrangement', 'Flower Garden', 'morning'),
(3, 'Equipment Repair', 'Lab Area', 'morning'),
(4, 'Drip System Setup', 'Greenhouse Area', 'morning'),
(5, 'Ground Cleaning', 'Main Gate Area', 'morning'),
(6, 'Perimeter Patrol', 'Boundary Wall Area', 'night'),
(7, 'Tree Planting', 'Tree Plantation Zone', 'morning'),
(8, 'Compost Mixing', 'Compost Area', 'morning'),
(9, 'Pest Spraying', 'Vegetable Garden', 'evening'),
(10, 'Plant Watering', 'Open Lawn', 'morning'),
(11, 'Garden Design', 'Recreation Area', 'morning'),
(12, 'Supply Transport', 'Parking Area', 'morning'),
(13, 'Irrigation Monitoring', 'Sports Complex area', 'morning'),
(14, 'Waste Collection', 'Cafeteria Zone', 'morning'),
(15, 'Pruning', 'Faculty Quarters', 'morning'),
(16, 'Seed Sowing', 'Vegetable Garden', 'morning'),
(17, 'Tool Maintenance', 'Administrative Block area', 'evening'),
(18, 'Fertilizer Application', 'Open Lawn', 'morning'),
(19, 'Area Sweeping', 'Library Complex', 'evening'),
(20, 'Night Security', 'Security Post Area', 'night'),
(21, 'Soil Preparation', 'Garden Area', 'morning'),
(22, 'Organic Waste Processing', 'Compost Area', 'morning'),
(23, 'Insect Control', 'Flower Garden', 'evening'),
(24, 'Greenhouse Monitoring', 'Greenhouse Area', 'morning'),
(25, 'Landscape Maintenance', 'Lotus Point Area', 'morning'),
(26, 'Material Handling', 'CEP Area', 'morning'),
(27, 'Water Quality Check', 'Medical Center', 'morning'),
(28, 'Debris Removal', 'Main Road', 'evening'),
(29, 'Lawn Mowing', 'Sports Complex area', 'morning'),
(30, 'Flower Arrangement', 'Guest House', 'morning'),
(31, 'Equipment Repair', 'Hor-Men (Old) area', 'morning'),
(32, 'Drip System Setup', 'Tree Plantation Zone', 'morning'),
(33, 'Ground Cleaning', 'Lecture Theatre area', 'morning'),
(34, 'Perimeter Patrol', 'Main Gate Area', 'night'),
(35, 'Tree Planting', 'Open Lawn', 'morning'),
(36, 'Compost Mixing', 'Compost Area', 'morning'),
(37, 'Pest Spraying', 'Garden Area', 'evening'),
(38, 'Plant Watering', 'Flower Garden', 'morning'),
(39, 'Garden Design', 'Faculty Quarters', 'morning'),
(40, 'Supply Transport', 'Internal Roads', 'morning'),
(41, 'Irrigation Monitoring', 'Vegetable Garden', 'morning'),
(42, 'Waste Collection', 'Hor-Men (New) Area', 'morning'),
(43, 'Pruning', 'Recreation Area', 'morning'),
(44, 'Seed Sowing', 'Open Lawn', 'morning'),
(45, 'Tool Maintenance', 'Lab Area', 'evening'),
(46, 'Fertilizer Application', 'Tree Plantation Zone', 'morning'),
(47, 'Area Sweeping', 'Parking Area', 'evening'),
(48, 'Night Security', 'Boundary Wall Area', 'night'),
(49, 'Soil Preparation', 'Vegetable Garden', 'morning'),
(50, 'Organic Waste Processing', 'Compost Area', 'morning'),
(51, 'Insect Control', 'Greenhouse Area', 'evening'),
(52, 'Greenhouse Monitoring', 'Greenhouse Area', 'morning'),
(53, 'Landscape Maintenance', 'Garden Area', 'morning'),
(54, 'Material Handling', 'Administrative Block area', 'morning'),
(55, 'Water Quality Check', 'Sports Complex area', 'morning'),
(56, 'Debris Removal', 'Cafeteria Zone', 'evening'),
(57, 'Lawn Mowing', 'Open Lawn', 'morning'),
(58, 'Flower Arrangement', 'Lotus Point Area', 'morning'),
(59, 'Equipment Repair', 'Medical Center', 'morning'),
(60, 'Drip System Setup', 'Flower Garden', 'morning'),
(61, 'Ground Cleaning', 'Hor_women Area', 'morning'),
(62, 'Perimeter Patrol', 'Security Post Area', 'night'),
(63, 'Tree Planting', 'Faculty Quarters', 'morning'),
(64, 'Compost Mixing', 'Compost Area', 'morning'),
(65, 'Pest Spraying', 'Tree Plantation Zone', 'evening'),
(66, 'Plant Watering', 'Recreation Area', 'morning'),
(67, 'Garden Design', 'Guest House', 'morning'),
(68, 'Supply Transport', 'Main Road', 'morning'),
(69, 'Irrigation Monitoring', 'Open Lawn', 'morning'),
(70, 'Waste Collection', 'Library Complex', 'morning'),
(71, 'Pruning', 'Garden Area', 'morning'),
(72, 'Seed Sowing', 'Flower Garden', 'morning'),
(73, 'Tool Maintenance', 'CEP Area', 'evening'),
(74, 'Fertilizer Application', 'Vegetable Garden', 'morning'),
(75, 'Area Sweeping', 'Lecture Theatre area', 'evening'),
(76, 'Night Security', 'Main Gate Area', 'night'),
(77, 'Soil Preparation', 'Tree Plantation Zone', 'morning'),
(78, 'Organic Waste Processing', 'Compost Area', 'morning'),
(79, 'Insect Control', 'Sports Complex area', 'evening'),
(80, 'Greenhouse Monitoring', 'Greenhouse Area', 'morning'),
(81, 'Landscape Maintenance', 'Lotus Point Area', 'morning'),
(82, 'Material Handling', 'Parking Area', 'morning'),
(83, 'Water Quality Check', 'Medical Center', 'morning'),
(84, 'Debris Removal', 'Internal Roads', 'evening'),
(85, 'Lawn Mowing', 'Recreation Area', 'morning'),
(86, 'Flower Arrangement', 'Garden Area', 'morning'),
(87, 'Equipment Repair', 'Administrative Block area', 'morning'),
(88, 'Drip System Setup', 'Open Lawn', 'morning'),
(89, 'Ground Cleaning', 'Faculty Quarters', 'morning'),
(90, 'Perimeter Patrol', 'Boundary Wall Area', 'night'),
(91, 'Tree Planting', 'Garden Area', 'morning'),
(92, 'Compost Mixing', 'Compost Area', 'morning'),
(93, 'Pest Spraying', 'Flower Garden', 'evening'),
(94, 'Plant Watering', 'Vegetable Garden', 'morning'),
(95, 'Garden Design', 'Tree Plantation Zone', 'morning'),
(96, 'Supply Transport', 'Cafeteria Zone', 'morning'),
(97, 'Irrigation Monitoring', 'Greenhouse Area', 'morning'),
(98, 'Waste Collection', 'Hor-Men (Old) area', 'morning'),
(99, 'Pruning', 'Open Lawn', 'morning'),
(100, 'Seed Sowing', 'Recreation Area', 'morning'),
(101, 'Tool Maintenance', 'Lab Area', 'evening'),
(102, 'Fertilizer Application', 'Garden Area', 'morning'),
(103, 'Area Sweeping', 'Guest House', 'evening'),
(104, 'Night Security', 'Security Post Area', 'night'),
(105, 'Soil Preparation', 'Flower Garden', 'morning'),
(106, 'Organic Waste Processing', 'Compost Area', 'morning'),
(107, 'Insect Control', 'Vegetable Garden', 'evening'),
(108, 'Greenhouse Monitoring', 'Greenhouse Area', 'morning'),
(109, 'Landscape Maintenance', 'Sports Complex area', 'morning'),
(110, 'Material Handling', 'Main Road', 'morning'),
(111, 'Water Quality Check', 'Lotus Point Area', 'morning'),
(112, 'Debris Removal', 'Parking Area', 'evening'),
(113, 'Lawn Mowing', 'Faculty Quarters', 'morning'),
(114, 'Flower Arrangement', 'Recreation Area', 'morning'),
(115, 'Equipment Repair', 'Medical Center', 'morning'),
(116, 'Drip System Setup', 'Tree Plantation Zone', 'morning'),
(117, 'Ground Cleaning', 'Library Complex', 'morning'),
(118, 'Perimeter Patrol', 'Main Gate Area', 'night'),
(119, 'Tree Planting', 'Open Lawn', 'morning'),
(120, 'Compost Mixing', 'Compost Area', 'morning'),
(121, 'Pest Spraying', 'Garden Area', 'evening'),
(122, 'Plant Watering', 'Flower Garden', 'morning'),
(123, 'Garden Design', 'Vegetable Garden', 'morning'),
(124, 'Supply Transport', 'Internal Roads', 'morning'),
(125, 'Irrigation Monitoring', 'Recreation Area', 'morning'),
(126, 'Waste Collection', 'CEP Area', 'morning'),
(127, 'Pruning', 'Tree Plantation Zone', 'morning'),
(128, 'Seed Sowing', 'Garden Area', 'morning'),
(129, 'Tool Maintenance', 'Administrative Block area', 'evening'),
(130, 'Fertilizer Application', 'Open Lawn', 'morning'),
(131, 'Area Sweeping', 'Hor-Men (New) Area', 'evening'),
(132, 'Night Security', 'Boundary Wall Area', 'night'),
(133, 'Soil Preparation', 'Sports Complex area', 'morning'),
(134, 'Organic Waste Processing', 'Compost Area', 'morning'),
(135, 'Insect Control', 'Greenhouse Area', 'evening'),
(136, 'Greenhouse Monitoring', 'Greenhouse Area', 'morning'),
(137, 'Landscape Maintenance', 'Faculty Quarters', 'morning'),
(138, 'Material Handling', 'Cafeteria Zone', 'morning'),
(139, 'Water Quality Check', 'Guest House', 'morning'),
(140, 'Debris Removal', 'Lecture Theatre area', 'evening'),
(141, 'Lawn Mowing', 'Lotus Point Area', 'morning'),
(142, 'Flower Arrangement', 'Open Lawn', 'morning'),
(143, 'Equipment Repair', 'Parking Area', 'morning'),
(144, 'Drip System Setup', 'Garden Area', 'morning'),
(145, 'Ground Cleaning', 'Main Road', 'morning'),
(146, 'Perimeter Patrol', 'Security Post Area', 'night'),
(147, 'Tree Planting', 'Tree Plantation Zone', 'morning'),
(148, 'Compost Mixing', 'Compost Area', 'morning'),
(149, 'Pest Spraying', 'Flower Garden', 'evening'),
(150, 'Plant Watering', 'Vegetable Garden', 'morning'),
(151, 'Garden Design', 'Recreation Area', 'morning'),
(152, 'Supply Transport', 'Medical Center', 'morning'),
(153, 'Irrigation Monitoring', 'Open Lawn', 'morning'),
(154, 'Waste Collection', 'Hor_women Area', 'morning'),
(155, 'Pruning', 'Garden Area', 'morning'),
(156, 'Seed Sowing', 'Flower Garden', 'morning'),
(157, 'Tool Maintenance', 'Lab Area', 'evening'),
(158, 'Fertilizer Application', 'Tree Plantation Zone', 'morning'),
(159, 'Area Sweeping', 'Library Complex', 'evening'),
(160, 'Night Security', 'Main Gate Area', 'night'),
(161, 'Soil Preparation', 'Vegetable Garden', 'morning'),
(162, 'Organic Waste Processing', 'Compost Area', 'morning'),
(163, 'Insect Control', 'Sports Complex area', 'evening'),
(164, 'Greenhouse Monitoring', 'Greenhouse Area', 'morning'),
(165, 'Landscape Maintenance', 'Lotus Point Area', 'morning'),
(166, 'Material Handling', 'Administrative Block area', 'morning'),
(167, 'Water Quality Check', 'Faculty Quarters', 'morning'),
(168, 'Debris Removal', 'Internal Roads', 'evening'),
(169, 'Lawn Mowing', 'Recreation Area', 'morning'),
(170, 'Flower Arrangement', 'Guest House', 'morning'),
(171, 'Equipment Repair', 'CEP Area', 'morning'),
(172, 'Drip System Setup', 'Open Lawn', 'morning'),
(173, 'Ground Cleaning', 'Cafeteria Zone', 'morning'),
(174, 'Perimeter Patrol', 'Boundary Wall Area', 'night'),
(175, 'Tree Planting', 'Garden Area', 'morning'),
(176, 'Compost Mixing', 'Compost Area', 'morning'),
(177, 'Pest Spraying', 'Vegetable Garden', 'evening'),
(178, 'Plant Watering', 'Flower Garden', 'morning'),
(179, 'Garden Design', 'Tree Plantation Zone', 'morning'),
(180, 'Supply Transport', 'Parking Area', 'morning'),
(181, 'Irrigation Monitoring', 'Garden Area', 'morning'),
(182, 'Waste Collection', 'Main Road', 'morning'),
(183, 'Pruning', 'Open Lawn', 'morning'),
(184, 'Seed Sowing', 'Recreation Area', 'morning'),
(185, 'Tool Maintenance', 'Medical Center', 'evening'),
(186, 'Fertilizer Application', 'Sports Complex area', 'morning'),
(187, 'Area Sweeping', 'Hor-Men (Old) area', 'evening'),
(188, 'Night Security', 'Security Post Area', 'night'),
(189, 'Soil Preparation', 'Flower Garden', 'morning'),
(190, 'Organic Waste Processing', 'Compost Area', 'morning'),
(191, 'Insect Control', 'Greenhouse Area', 'evening'),
(192, 'Greenhouse Monitoring', 'Greenhouse Area', 'morning'),
(193, 'Landscape Maintenance', 'Faculty Quarters', 'morning'),
(194, 'Material Handling', 'Lotus Point Area', 'morning'),
(195, 'Water Quality Check', 'Library Complex', 'morning'),
(196, 'Debris Removal', 'Lecture Theatre area', 'evening'),
(197, 'Lawn Mowing', 'Garden Area', 'morning'),
(198, 'Flower Arrangement', 'Vegetable Garden', 'morning'),
(199, 'Equipment Repair', 'Guest House', 'morning'),
(200, 'Drip System Setup', 'Tree Plantation Zone', 'morning'),
(201, 'Ground Cleaning', 'Internal Roads', 'morning'),
(202, 'Perimeter Patrol', 'Main Gate Area', 'night'),
(203, 'Tree Planting', 'Open Lawn', 'morning'),
(204, 'Compost Mixing', 'Compost Area', 'morning'),
(205, 'Pest Spraying', 'Garden Area', 'evening'),
(206, 'Plant Watering', 'Flower Garden', 'morning'),
(207, 'Garden Design', 'Recreation Area', 'morning'),
(208, 'Supply Transport', 'Administrative Block area', 'morning'),
(209, 'Irrigation Monitoring', 'Vegetable Garden', 'morning'),
(210, 'Waste Collection', 'Cafeteria Zone', 'morning'),
(211, 'Pruning', 'Tree Plantation Zone', 'morning'),
(212, 'Seed Sowing', 'Open Lawn', 'morning'),
(213, 'Tool Maintenance', 'Lab Area', 'evening'),
(214, 'Fertilizer Application', 'Garden Area', 'morning'),
(215, 'Area Sweeping', 'Hor-Men (New) Area', 'evening'),
(216, 'Night Security', 'Boundary Wall Area', 'night'),
(217, 'Soil Preparation', 'Sports Complex area', 'morning'),
(218, 'Organic Waste Processing', 'Compost Area', 'morning'),
(219, 'Insect Control', 'Flower Garden', 'evening'),
(220, 'Greenhouse Monitoring', 'Greenhouse Area', 'morning'),
(221, 'Landscape Maintenance', 'Faculty Quarters', 'morning'),
(222, 'Material Handling', 'Medical Center', 'morning'),
(223, 'Water Quality Check', 'Parking Area', 'morning'),
(224, 'Debris Removal', 'Main Road', 'evening'),
(225, 'Lawn Mowing', 'Lotus Point Area', 'morning'),
(226, 'Flower Arrangement', 'Recreation Area', 'morning'),
(227, 'Equipment Repair', 'CEP Area', 'morning'),
(228, 'Drip System Setup', 'Vegetable Garden', 'morning'),
(229, 'Ground Cleaning', 'Library Complex', 'morning'),
(230, 'Perimeter Patrol', 'Security Post Area', 'night'),
(231, 'Tree Planting', 'Garden Area', 'morning'),
(232, 'Compost Mixing', 'Compost Area', 'morning'),
(233, 'Pest Spraying', 'Tree Plantation Zone', 'evening'),
(234, 'Plant Watering', 'Open Lawn', 'morning'),
(235, 'Garden Design', 'Flower Garden', 'morning'),
(236, 'Supply Transport', 'Guest House', 'morning'),
(237, 'Irrigation Monitoring', 'Recreation Area', 'morning'),
(238, 'Waste Collection', 'Hor_women Area', 'morning'),
(239, 'Pruning', 'Faculty Quarters', 'morning'),
(240, 'Seed Sowing', 'Garden Area', 'morning'),
(241, 'Tool Maintenance', 'Administrative Block area', 'evening'),
(242, 'Fertilizer Application', 'Vegetable Garden', 'morning'),
(243, 'Area Sweeping', 'Lecture Theatre area', 'evening'),
(244, 'Night Security', 'Main Gate Area', 'night'),
(245, 'Soil Preparation', 'Open Lawn', 'morning'),
(246, 'Organic Waste Processing', 'Compost Area', 'morning'),
(247, 'Insect Control', 'Sports Complex area', 'evening'),
(248, 'Greenhouse Monitoring', 'Greenhouse Area', 'morning'),
(249, 'Landscape Maintenance', 'Tree Plantation Zone', 'morning'),
(250, 'Material Handling', 'Internal Roads', 'morning'),
(251, 'Water Quality Check', 'Cafeteria Zone', 'morning'),
(252, 'Debris Removal', 'Parking Area', 'evening'),
(253, 'Lawn Mowing', 'Garden Area', 'morning'),
(254, 'Flower Arrangement', 'Flower Garden', 'morning'),
(255, 'Equipment Repair', 'Medical Center', 'morning'),
(256, 'Drip System Setup', 'Recreation Area', 'morning'),
(257, 'Ground Cleaning', 'Main Road', 'morning'),
(258, 'Perimeter Patrol', 'Boundary Wall Area', 'night'),
(259, 'Tree Planting', 'Tree Plantation Zone', 'morning'),
(260, 'Compost Mixing', 'Compost Area', 'morning'),
(261, 'Pest Spraying', 'Vegetable Garden', 'evening'),
(262, 'Plant Watering', 'Open Lawn', 'morning'),
(263, 'Garden Design', 'Garden Area', 'morning'),
(264, 'Supply Transport', 'Lotus Point Area', 'morning'),
(265, 'Irrigation Monitoring', 'Flower Garden', 'morning'),
(266, 'Waste Collection', 'Lab Area', 'morning'),
(267, 'Pruning', 'Recreation Area', 'morning'),
(268, 'Seed Sowing', 'Tree Plantation Zone', 'morning'),
(269, 'Tool Maintenance', 'CEP Area', 'evening'),
(270, 'Fertilizer Application', 'Open Lawn', 'morning'),
(271, 'Area Sweeping', 'Guest House', 'evening'),
(272, 'Night Security', 'Security Post Area', 'night'),
(273, 'Soil Preparation', 'Garden Area', 'morning'),
(274, 'Organic Waste Processing', 'Compost Area', 'morning'),
(275, 'Insect Control', 'Greenhouse Area', 'evening'),
(276, 'Greenhouse Monitoring', 'Greenhouse Area', 'morning'),
(277, 'Landscape Maintenance', 'Faculty Quarters', 'morning'),
(278, 'Material Handling', 'Administrative Block area', 'morning'),
(279, 'Water Quality Check', 'Sports Complex area', 'morning'),
(280, 'Debris Removal', 'Library Complex', 'evening'),
(281, 'Lawn Mowing', 'Open Lawn', 'morning'),
(282, 'Flower Arrangement', 'Vegetable Garden', 'morning'),
(283, 'Equipment Repair', 'Hor-Men (Old) area', 'morning'),
(284, 'Drip System Setup', 'Garden Area', 'morning'),
(285, 'Ground Cleaning', 'Cafeteria Zone', 'morning'),
(286, 'Perimeter Patrol', 'Main Gate Area', 'night'),
(287, 'Tree Planting', 'Tree Plantation Zone', 'morning'),
(288, 'Compost Mixing', 'Compost Area', 'morning'),
(289, 'Pest Spraying', 'Flower Garden', 'evening'),
(290, 'Plant Watering', 'Recreation Area', 'morning'),
(291, 'Garden Design', 'Open Lawn', 'morning'),
(292, 'Supply Transport', 'Internal Roads', 'morning'),
(293, 'Irrigation Monitoring', 'Vegetable Garden', 'morning'),
(294, 'Waste Collection', 'Parking Area', 'morning'),
(295, 'Pruning', 'Garden Area', 'morning'),
(296, 'Seed Sowing', 'Flower Garden', 'morning'),
(297, 'Tool Maintenance', 'Medical Center', 'evening'),
(298, 'Fertilizer Application', 'Tree Plantation Zone', 'morning'),
(299, 'Area Sweeping', 'Hor-Men (New) Area', 'evening'),
(300, 'Night Security', 'Boundary Wall Area', 'night'),
(301, 'Soil Preparation', 'Sports Complex area', 'morning'),
(302, 'Organic Waste Processing', 'Compost Area', 'morning'),
(303, 'Insect Control', 'Garden Area', 'evening'),
(304, 'Greenhouse Monitoring', 'Greenhouse Area', 'morning'),
(305, 'Landscape Maintenance', 'Lotus Point Area', 'morning'),
(306, 'Material Handling', 'Main Road', 'morning'),
(307, 'Water Quality Check', 'Faculty Quarters', 'morning'),
(308, 'Debris Removal', 'Lecture Theatre area', 'evening'),
(309, 'Lawn Mowing', 'Recreation Area', 'morning'),
(310, 'Flower Arrangement', 'Open Lawn', 'morning'),
(311, 'Equipment Repair', 'Lab Area', 'morning'),
(312, 'Drip System Setup', 'Vegetable Garden', 'morning'),
(313, 'Ground Cleaning', 'Guest House', 'morning'),
(314, 'Perimeter Patrol', 'Security Post Area', 'night'),
(315, 'Tree Planting', 'Garden Area', 'morning'),
(316, 'Compost Mixing', 'Compost Area', 'morning'),
(317, 'Pest Spraying', 'Tree Plantation Zone', 'evening'),
(318, 'Plant Watering', 'Flower Garden', 'morning'),
(319, 'Garden Design', 'Recreation Area', 'morning'),
(320, 'Supply Transport', 'Administrative Block area', 'morning'),
(321, 'Irrigation Monitoring', 'Open Lawn', 'morning'),
(322, 'Waste Collection', 'CEP Area', 'morning'),
(323, 'Pruning', 'Tree Plantation Zone', 'morning'),
(324, 'Seed Sowing', 'Garden Area', 'morning'),
(325, 'Tool Maintenance', 'Parking Area', 'evening'),
(326, 'Fertilizer Application', 'Vegetable Garden', 'morning'),
(327, 'Area Sweeping', 'Library Complex', 'evening'),
(328, 'Night Security', 'Main Gate Area', 'night'),
(329, 'Soil Preparation', 'Flower Garden', 'morning'),
(330, 'Organic Waste Processing', 'Compost Area', 'morning'),
(331, 'Insect Control', 'Sports Complex area', 'evening'),
(332, 'Greenhouse Monitoring', 'Greenhouse Area', 'morning'),
(333, 'Landscape Maintenance', 'Faculty Quarters', 'morning'),
(334, 'Material Handling', 'Cafeteria Zone', 'morning'),
(335, 'Water Quality Check', 'Medical Center', 'morning'),
(336, 'Debris Removal', 'Internal Roads', 'evening'),
(337, 'Lawn Mowing', 'Garden Area', 'morning'),
(338, 'Flower Arrangement', 'Lotus Point Area', 'morning'),
(339, 'Equipment Repair', 'Hor_women Area', 'morning'),
(340, 'Drip System Setup', 'Open Lawn', 'morning'),
(341, 'Ground Cleaning', 'Main Road', 'morning'),
(342, 'Perimeter Patrol', 'Boundary Wall Area', 'night'),
(343, 'Tree Planting', 'Tree Plantation Zone', 'morning'),
(344, 'Compost Mixing', 'Compost Area', 'morning'),
(345, 'Pest Spraying', 'Vegetable Garden', 'evening'),
(346, 'Plant Watering', 'Recreation Area', 'morning'),
(347, 'Garden Design', 'Flower Garden', 'morning'),
(348, 'Supply Transport', 'Guest House', 'morning'),
(349, 'Irrigation Monitoring', 'Garden Area', 'morning'),
(350, 'Waste Collection', 'Lecture Theatre area', 'morning'),
(351, 'Pruning', 'Open Lawn', 'morning'),
(352, 'Seed Sowing', 'Tree Plantation Zone', 'morning'),
(353, 'Tool Maintenance', 'Administrative Block area', 'evening'),
(354, 'Fertilizer Application', 'Sports Complex area', 'morning'),
(355, 'Area Sweeping', 'Hor-Men (Old) area', 'evening'),
(356, 'Night Security', 'Security Post Area', 'night'),
(357, 'Soil Preparation', 'Vegetable Garden', 'morning'),
(358, 'Organic Waste Processing', 'Compost Area', 'morning'),
(359, 'Insect Control', 'Greenhouse Area', 'evening'),
(360, 'Greenhouse Monitoring', 'Greenhouse Area', 'morning'),
(361, 'Landscape Maintenance', 'Garden Area', 'morning'),
(362, 'Material Handling', 'Parking Area', 'morning'),
(363, 'Water Quality Check', 'Faculty Quarters', 'morning'),
(364, 'Debris Removal', 'CEP Area', 'evening'),
(365, 'Lawn Mowing', 'Recreation Area', 'morning'),
(366, 'Flower Arrangement', 'Flower Garden', 'morning'),
(367, 'Equipment Repair', 'Medical Center', 'morning'),
(368, 'Drip System Setup', 'Garden Area', 'morning'),
(369, 'Ground Cleaning', 'Library Complex', 'morning'),
(370, 'Perimeter Patrol', 'Main Gate Area', 'night'),
(371, 'Tree Planting', 'Open Lawn', 'morning'),
(372, 'Compost Mixing', 'Compost Area', 'morning'),
(373, 'Pest Spraying', 'Tree Plantation Zone', 'evening'),
(374, 'Plant Watering', 'Vegetable Garden', 'morning'),
(375, 'Garden Design', 'Recreation Area', 'morning'),
(376, 'Supply Transport', 'Internal Roads', 'morning'),
(377, 'Irrigation Monitoring', 'Flower Garden', 'morning'),
(378, 'Waste Collection', 'Main Road', 'morning'),
(379, 'Pruning', 'Garden Area', 'morning'),
(380, 'Seed Sowing', 'Open Lawn', 'morning'),
(381, 'Tool Maintenance', 'Lab Area', 'evening'),
(382, 'Fertilizer Application', 'Tree Plantation Zone', 'morning'),
(383, 'Area Sweeping', 'Cafeteria Zone', 'evening'),
(384, 'Night Security', 'Boundary Wall Area', 'night'),
(385, 'Soil Preparation', 'Sports Complex area', 'morning'),
(386, 'Organic Waste Processing', 'Compost Area', 'morning'),
(387, 'Insect Control', 'Garden Area', 'evening'),
(388, 'Greenhouse Monitoring', 'Greenhouse Area', 'morning'),
(389, 'Landscape Maintenance', 'Lotus Point Area', 'morning'),
(390, 'Material Handling', 'Guest House', 'morning'),
(391, 'Water Quality Check', 'Administrative Block area', 'morning'),
(392, 'Debris Removal', 'Parking Area', 'evening'),
(393, 'Lawn Mowing', 'Garden Area', 'morning'),
(394, 'Flower Arrangement', 'Vegetable Garden', 'morning'),
(395, 'Equipment Repair', 'Hor-Men (New) Area', 'morning'),
(396, 'Drip System Setup', 'Recreation Area', 'morning'),
(397, 'Ground Cleaning', 'Faculty Quarters', 'morning'),
(398, 'Perimeter Patrol', 'Security Post Area', 'night'),
(399, 'Tree Planting', 'Tree Plantation Zone', 'morning'),
(400, 'Compost Mixing', 'Compost Area', 'morning'),
(1, 'Pest Spraying', 'Flower Garden', 'evening'),
(2, 'Plant Watering', 'Open Lawn', 'morning'),
(3, 'Garden Design', 'Recreation Area', 'morning'),
(4, 'Supply Transport', 'Medical Center', 'morning'),
(5, 'Irrigation Monitoring', 'Vegetable Garden', 'morning'),
(6, 'Waste Collection', 'Lecture Theatre area', 'morning'),
(7, 'Pruning', 'Garden Area', 'morning'),
(8, 'Seed Sowing', 'Flower Garden', 'morning'),
(9, 'Tool Maintenance', 'CEP Area', 'evening'),
(10, 'Fertilizer Application', 'Open Lawn', 'morning'),
(11, 'Area Sweeping', 'Hor_women Area', 'evening'),
(12, 'Night Security', 'Main Gate Area', 'night'),
(13, 'Soil Preparation', 'Tree Plantation Zone', 'morning'),
(14, 'Organic Waste Processing', 'Compost Area', 'morning'),
(15, 'Insect Control', 'Sports Complex area', 'evening'),
(16, 'Greenhouse Monitoring', 'Greenhouse Area', 'morning'),
(17, 'Landscape Maintenance', 'Faculty Quarters', 'morning'),
(18, 'Material Handling', 'Library Complex', 'morning'),
(19, 'Water Quality Check', 'Garden Area', 'morning'),
(20, 'Debris Removal', 'Internal Roads', 'evening'),
(21, 'Lawn Mowing', 'Lotus Point Area', 'morning'),
(22, 'Flower Arrangement', 'Recreation Area', 'morning'),
(23, 'Equipment Repair', 'Guest House', 'morning'),
(24, 'Drip System Setup', 'Vegetable Garden', 'morning'),
(25, 'Ground Cleaning', 'Parking Area', 'morning'),
(26, 'Perimeter Patrol', 'Boundary Wall Area', 'night'),
(27, 'Tree Planting', 'Open Lawn', 'morning'),
(28, 'Compost Mixing', 'Compost Area', 'morning'),
(29, 'Pest Spraying', 'Garden Area', 'evening'),
(30, 'Plant Watering', 'Tree Plantation Zone', 'morning'),
(31, 'Garden Design', 'Flower Garden', 'morning'),
(32, 'Supply Transport', 'Main Road', 'morning'),
(33, 'Irrigation Monitoring', 'Recreation Area', 'morning'),
(34, 'Waste Collection', 'Administrative Block area', 'morning'),
(35, 'Pruning', 'Sports Complex area', 'morning'),
(36, 'Seed Sowing', 'Open Lawn', 'morning'),
(37, 'Tool Maintenance', 'Medical Center', 'evening'),
(38, 'Fertilizer Application', 'Garden Area', 'morning'),
(39, 'Area Sweeping', 'Lab Area', 'evening'),
(40, 'Night Security', 'Security Post Area', 'night'),
(41, 'Soil Preparation', 'Flower Garden', 'morning'),
(42, 'Organic Waste Processing', 'Compost Area', 'morning'),
(43, 'Insect Control', 'Vegetable Garden', 'evening'),
(44, 'Greenhouse Monitoring', 'Greenhouse Area', 'morning'),
(45, 'Landscape Maintenance', 'Tree Plantation Zone', 'morning'),
(46, 'Material Handling', 'Cafeteria Zone', 'morning'),
(47, 'Water Quality Check', 'Faculty Quarters', 'morning'),
(48, 'Debris Removal', 'CEP Area', 'evening'),
(49, 'Lawn Mowing', 'Recreation Area', 'morning'),
(50, 'Flower Arrangement', 'Garden Area', 'morning'),
(51, 'Equipment Repair', 'Hor-Men (Old) area', 'morning'),
(52, 'Drip System Setup', 'Open Lawn', 'morning'),
(53, 'Ground Cleaning', 'Library Complex', 'morning'),
(54, 'Perimeter Patrol', 'Main Gate Area', 'night'),
(55, 'Tree Planting', 'Tree Plantation Zone', 'morning'),
(56, 'Compost Mixing', 'Compost Area', 'morning'),
(57, 'Pest Spraying', 'Sports Complex area', 'evening'),
(58, 'Plant Watering', 'Flower Garden', 'morning'),
(59, 'Garden Design', 'Vegetable Garden', 'morning'),
(60, 'Supply Transport', 'Guest House', 'morning'),
(61, 'Irrigation Monitoring', 'Garden Area', 'morning'),
(62, 'Waste Collection', 'Parking Area', 'morning'),
(63, 'Pruning', 'Recreation Area', 'morning'),
(64, 'Seed Sowing', 'Tree Plantation Zone', 'morning'),
(65, 'Tool Maintenance', 'Administrative Block area', 'evening'),
(66, 'Fertilizer Application', 'Open Lawn', 'morning'),
(67, 'Area Sweeping', 'Internal Roads', 'evening'),
(68, 'Night Security', 'Boundary Wall Area', 'night'),
(69, 'Soil Preparation', 'Garden Area', 'morning'),
(70, 'Organic Waste Processing', 'Compost Area', 'morning'),
(71, 'Insect Control', 'Greenhouse Area', 'evening'),
(72, 'Greenhouse Monitoring', 'Greenhouse Area', 'morning'),
(73, 'Landscape Maintenance', 'Lotus Point Area', 'morning'),
(74, 'Material Handling', 'Medical Center', 'morning'),
(75, 'Water Quality Check', 'Sports Complex area', 'morning'),
(76, 'Debris Removal', 'Lecture Theatre area', 'evening'),
(77, 'Lawn Mowing', 'Faculty Quarters', 'morning'),
(78, 'Flower Arrangement', 'Open Lawn', 'morning'),
(79, 'Equipment Repair', 'Hor-Men (New) Area', 'morning'),
(80, 'Drip System Setup', 'Recreation Area', 'morning'),
(81, 'Ground Cleaning', 'Main Road', 'morning'),
(82, 'Perimeter Patrol', 'Security Post Area', 'night'),
(83, 'Tree Planting', 'Garden Area', 'morning'),
(84, 'Compost Mixing', 'Compost Area', 'morning'),
(85, 'Pest Spraying', 'Flower Garden', 'evening'),
(86, 'Plant Watering', 'Vegetable Garden', 'morning'),
(87, 'Garden Design', 'Tree Plantation Zone', 'morning'),
(88, 'Supply Transport', 'Cafeteria Zone', 'morning'),
(89, 'Irrigation Monitoring', 'Open Lawn', 'morning'),
(90, 'Waste Collection', 'Hor_women Area', 'morning'),
(91, 'Pruning', 'Garden Area', 'morning'),
(92, 'Seed Sowing', 'Flower Garden', 'morning'),
(93, 'Tool Maintenance', 'Lab Area', 'evening'),
(94, 'Fertilizer Application', 'Recreation Area', 'morning'),
(95, 'Area Sweeping', 'Guest House', 'evening'),
(96, 'Night Security', 'Main Gate Area', 'night'),
(97, 'Soil Preparation', 'Tree Plantation Zone', 'morning'),
(98, 'Organic Waste Processing', 'Compost Area', 'morning'),
(99, 'Insect Control', 'Sports Complex area', 'evening'),
(100, 'Greenhouse Monitoring', 'Greenhouse Area', 'morning'),
(101, 'Landscape Maintenance', 'Faculty Quarters', 'morning'),
(102, 'Material Handling', 'Library Complex', 'morning'),
(103, 'Water Quality Check', 'Garden Area', 'morning'),
(104, 'Debris Removal', 'Parking Area', 'evening'),
(105, 'Lawn Mowing', 'Open Lawn', 'morning'),
(106, 'Flower Arrangement', 'Vegetable Garden', 'morning'),
(107, 'Equipment Repair', 'CEP Area', 'morning'),
(108, 'Drip System Setup', 'Garden Area', 'morning'),
(109, 'Ground Cleaning', 'Administrative Block area', 'morning'),
(110, 'Perimeter Patrol', 'Boundary Wall Area', 'night'),
(111, 'Tree Planting', 'Tree Plantation Zone', 'morning'),
(112, 'Compost Mixing', 'Compost Area', 'morning'),
(113, 'Pest Spraying', 'Greenhouse Area', 'evening'),
(114, 'Plant Watering', 'Flower Garden', 'morning'),
(115, 'Garden Design', 'Recreation Area', 'morning'),
(116, 'Supply Transport', 'Internal Roads', 'morning'),
(117, 'Irrigation Monitoring', 'Vegetable Garden', 'morning'),
(118, 'Waste Collection', 'Medical Center', 'morning'),
(119, 'Pruning', 'Open Lawn', 'morning'),
(120, 'Seed Sowing', 'Garden Area', 'morning'),
(121, 'Tool Maintenance', 'Lotus Point Area', 'evening'),
(122, 'Fertilizer Application', 'Tree Plantation Zone', 'morning'),
(123, 'Area Sweeping', 'Sports Complex area', 'evening'),
(124, 'Night Security', 'Security Post Area', 'night'),
(125, 'Soil Preparation', 'Flower Garden', 'morning'),
(126, 'Organic Waste Processing', 'Compost Area', 'morning'),
(127, 'Insect Control', 'Garden Area', 'evening'),
(128, 'Greenhouse Monitoring', 'Greenhouse Area', 'morning'),
(129, 'Landscape Maintenance', 'Recreation Area', 'morning'),
(130, 'Material Handling', 'Main Road', 'morning'),
(131, 'Water Quality Check', 'Faculty Quarters', 'morning'),
(132, 'Debris Removal', 'Lecture Theatre area', 'evening'),
(133, 'Lawn Mowing', 'Garden Area', 'morning'),
(134, 'Flower Arrangement', 'Open Lawn', 'morning'),
(135, 'Equipment Repair', 'Guest House', 'morning'),
(136, 'Drip System Setup', 'Vegetable Garden', 'morning'),
(137, 'Ground Cleaning', 'Cafeteria Zone', 'morning'),
(138, 'Perimeter Patrol', 'Main Gate Area', 'night'),
(139, 'Tree Planting', 'Tree Plantation Zone', 'morning'),
(140, 'Compost Mixing', 'Compost Area', 'morning'),
(141, 'Pest Spraying', 'Sports Complex area', 'evening'),
(142, 'Plant Watering', 'Flower Garden', 'morning'),
(143, 'Garden Design', 'Garden Area', 'morning'),
(144, 'Supply Transport', 'Parking Area', 'morning'),
(145, 'Irrigation Monitoring', 'Recreation Area', 'morning'),
(146, 'Waste Collection', 'Hor-Men (Old) area', 'morning'),
(147, 'Pruning', 'Open Lawn', 'morning'),
(148, 'Seed Sowing', 'Tree Plantation Zone', 'morning'),
(149, 'Tool Maintenance', 'Administrative Block area', 'evening'),
(150, 'Fertilizer Application', 'Garden Area', 'morning'),
(151, 'Area Sweeping', 'Library Complex', 'evening'),
(152, 'Night Security', 'Boundary Wall Area', 'night'),
(153, 'Soil Preparation', 'Vegetable Garden', 'morning'),
(154, 'Organic Waste Processing', 'Compost Area', 'morning'),
(155, 'Insect Control', 'Flower Garden', 'evening'),
(156, 'Greenhouse Monitoring', 'Greenhouse Area', 'morning'),
(157, 'Landscape Maintenance', 'Faculty Quarters', 'morning'),
(158, 'Material Handling', 'CEP Area', 'morning'),
(159, 'Water Quality Check', 'Medical Center', 'morning'),
(160, 'Debris Removal', 'Internal Roads', 'evening'),
(161, 'Lawn Mowing', 'Recreation Area', 'morning'),
(162, 'Flower Arrangement', 'Garden Area', 'morning'),
(163, 'Equipment Repair', 'Hor-Men (New) Area', 'morning'),
(164, 'Drip System Setup', 'Open Lawn', 'morning'),
(165, 'Ground Cleaning', 'Lotus Point Area', 'morning'),
(166, 'Perimeter Patrol', 'Security Post Area', 'night'),
(167, 'Tree Planting', 'Tree Plantation Zone', 'morning'),
(168, 'Compost Mixing', 'Compost Area', 'morning'),
(169, 'Pest Spraying', 'Vegetable Garden', 'evening'),
(170, 'Plant Watering', 'Flower Garden', 'morning'),
(171, 'Garden Design', 'Recreation Area', 'morning'),
(172, 'Supply Transport', 'Main Road', 'morning'),
(173, 'Irrigation Monitoring', 'Garden Area', 'morning'),
(174, 'Waste Collection', 'Sports Complex area', 'morning'),
(175, 'Pruning', 'Open Lawn', 'morning'),
(176, 'Seed Sowing', 'Tree Plantation Zone', 'morning'),
(177, 'Tool Maintenance', 'Lab Area', 'evening'),
(178, 'Fertilizer Application', 'Garden Area', 'morning'),
(179, 'Area Sweeping', 'Hor_women Area', 'evening'),
(180, 'Night Security', 'Main Gate Area', 'night'),
(181, 'Soil Preparation', 'Flower Garden', 'morning'),
(182, 'Organic Waste Processing', 'Compost Area', 'morning'),
(183, 'Insect Control', 'Greenhouse Area', 'evening'),
(184, 'Greenhouse Monitoring', 'Greenhouse Area', 'morning'),
(185, 'Landscape Maintenance', 'Faculty Quarters', 'morning'),
(186, 'Material Handling', 'Guest House', 'morning'),
(187, 'Water Quality Check', 'Recreation Area', 'morning'),
(188, 'Debris Removal', 'Parking Area', 'evening'),
(189, 'Lawn Mowing', 'Garden Area', 'morning'),
(190, 'Flower Arrangement', 'Vegetable Garden', 'morning'),
(191, 'Equipment Repair', 'Administrative Block area', 'morning'),
(192, 'Drip System Setup', 'Open Lawn', 'morning'),
(193, 'Ground Cleaning', 'Cafeteria Zone', 'morning'),
(194, 'Perimeter Patrol', 'Boundary Wall Area', 'night'),
(195, 'Tree Planting', 'Tree Plantation Zone', 'morning'),
(196, 'Compost Mixing', 'Compost Area', 'morning'),
(197, 'Pest Spraying', 'Sports Complex area', 'evening'),
(198, 'Plant Watering', 'Flower Garden', 'morning'),
(199, 'Garden Design', 'Garden Area', 'morning'),
(200, 'Supply Transport', 'Medical Center', 'morning'),
(201, 'Irrigation Monitoring', 'Recreation Area', 'morning'),
(202, 'Waste Collection', 'Library Complex', 'morning'),
(203, 'Pruning', 'Open Lawn', 'morning'),
(204, 'Seed Sowing', 'Tree Plantation Zone', 'morning'),
(205, 'Tool Maintenance', 'CEP Area', 'evening'),
(206, 'Fertilizer Application', 'Garden Area', 'morning'),
(207, 'Area Sweeping', 'Lecture Theatre area', 'evening'),
(208, 'Night Security', 'Security Post Area', 'night'),
(209, 'Soil Preparation', 'Vegetable Garden', 'morning'),
(210, 'Organic Waste Processing', 'Compost Area', 'morning'),
(211, 'Insect Control', 'Flower Garden', 'evening'),
(212, 'Greenhouse Monitoring', 'Greenhouse Area', 'morning'),
(213, 'Landscape Maintenance', 'Faculty Quarters', 'morning'),
(214, 'Material Handling', 'Internal Roads', 'morning'),
(215, 'Water Quality Check', 'Garden Area', 'morning'),
(216, 'Debris Removal', 'Main Road', 'evening'),
(217, 'Lawn Mowing', 'Open Lawn', 'morning'),
(218, 'Flower Arrangement', 'Recreation Area', 'morning'),
(219, 'Equipment Repair', 'Lotus Point Area', 'morning'),
(220, 'Drip System Setup', 'Garden Area', 'morning'),
(221, 'Ground Cleaning', 'Parking Area', 'morning'),
(222, 'Perimeter Patrol', 'Main Gate Area', 'night'),
(223, 'Tree Planting', 'Tree Plantation Zone', 'morning'),
(224, 'Compost Mixing', 'Compost Area', 'morning'),
(225, 'Pest Spraying', 'Greenhouse Area', 'evening'),
(226, 'Plant Watering', 'Flower Garden', 'morning'),
(227, 'Garden Design', 'Vegetable Garden', 'morning'),
(228, 'Supply Transport', 'Guest House', 'morning'),
(229, 'Irrigation Monitoring', 'Open Lawn', 'morning'),
(230, 'Waste Collection', 'Hor-Men (Old) area', 'morning'),
(231, 'Pruning', 'Garden Area', 'morning'),
(232, 'Seed Sowing', 'Tree Plantation Zone', 'morning'),
(233, 'Tool Maintenance', 'Administrative Block area', 'evening'),
(234, 'Fertilizer Application', 'Recreation Area', 'morning'),
(235, 'Area Sweeping', 'Sports Complex area', 'evening'),
(236, 'Night Security', 'Boundary Wall Area', 'night'),
(237, 'Soil Preparation', 'Flower Garden', 'morning'),
(238, 'Organic Waste Processing', 'Compost Area', 'morning'),
(239, 'Insect Control', 'Garden Area', 'evening'),
(240, 'Greenhouse Monitoring', 'Greenhouse Area', 'morning'),
(241, 'Landscape Maintenance', 'Faculty Quarters', 'morning'),
(242, 'Material Handling', 'Medical Center', 'morning'),
(243, 'Water Quality Check', 'Cafeteria Zone', 'morning'),
(244, 'Debris Removal', 'Library Complex', 'evening'),
(245, 'Lawn Mowing', 'Recreation Area', 'morning'),
(246, 'Flower Arrangement', 'Open Lawn', 'morning'),
(247, 'Equipment Repair', 'Hor-Men (New) Area', 'morning'),
(248, 'Drip System Setup', 'Vegetable Garden', 'morning'),
(249, 'Ground Cleaning', 'Main Road', 'morning'),
(250, 'Perimeter Patrol', 'Security Post Area', 'night'),
(251, 'Tree Planting', 'Tree Plantation Zone', 'morning'),
(252, 'Compost Mixing', 'Compost Area', 'morning'),
(253, 'Pest Spraying', 'Sports Complex area', 'evening'),
(254, 'Plant Watering', 'Flower Garden', 'morning'),
(255, 'Garden Design', 'Garden Area', 'morning'),
(256, 'Supply Transport', 'Parking Area', 'morning'),
(257, 'Irrigation Monitoring', 'Recreation Area', 'morning'),
(258, 'Waste Collection', 'CEP Area', 'morning'),
(259, 'Pruning', 'Open Lawn', 'morning'),
(260, 'Seed Sowing', 'Tree Plantation Zone', 'morning'),
(261, 'Tool Maintenance', 'Lab Area', 'evening'),
(262, 'Fertilizer Application', 'Garden Area', 'morning'),
(263, 'Area Sweeping', 'Hor_women Area', 'evening'),
(264, 'Night Security', 'Main Gate Area', 'night'),
(265, 'Soil Preparation', 'Vegetable Garden', 'morning'),
(266, 'Organic Waste Processing', 'Compost Area', 'morning'),
(267, 'Insect Control', 'Greenhouse Area', 'evening'),
(268, 'Greenhouse Monitoring', 'Greenhouse Area', 'morning'),
(269, 'Landscape Maintenance', 'Faculty Quarters', 'morning'),
(270, 'Material Handling', 'Internal Roads', 'morning'),
(271, 'Water Quality Check', 'Lotus Point Area', 'morning'),
(272, 'Debris Removal', 'Guest House', 'evening'),
(273, 'Lawn Mowing', 'Garden Area', 'morning'),
(274, 'Flower Arrangement', 'Flower Garden', 'morning'),
(275, 'Equipment Repair', 'Administrative Block area', 'morning'),
(276, 'Drip System Setup', 'Open Lawn', 'morning'),
(277, 'Ground Cleaning', 'Medical Center', 'morning'),
(278, 'Perimeter Patrol', 'Boundary Wall Area', 'night'),
(279, 'Tree Planting', 'Tree Plantation Zone', 'morning'),
(280, 'Compost Mixing', 'Compost Area', 'morning'),
(281, 'Pest Spraying', 'Vegetable Garden', 'evening'),
(282, 'Plant Watering', 'Recreation Area', 'morning'),
(283, 'Garden Design', 'Open Lawn', 'morning'),
(284, 'Supply Transport', 'Cafeteria Zone', 'morning'),
(285, 'Irrigation Monitoring', 'Garden Area', 'morning'),
(286, 'Waste Collection', 'Sports Complex area', 'morning'),
(287, 'Pruning', 'Tree Plantation Zone', 'morning'),
(288, 'Seed Sowing', 'Flower Garden', 'morning'),
(289, 'Tool Maintenance', 'Lecture Theatre area', 'evening'),
(290, 'Fertilizer Application', 'Recreation Area', 'morning'),
(291, 'Area Sweeping', 'Library Complex', 'evening'),
(292, 'Night Security', 'Security Post Area', 'night'),
(293, 'Soil Preparation', 'Garden Area', 'morning'),
(294, 'Organic Waste Processing', 'Compost Area', 'morning'),
(295, 'Insect Control', 'Flower Garden', 'evening'),
(296, 'Greenhouse Monitoring', 'Greenhouse Area', 'morning'),
(297, 'Landscape Maintenance', 'Faculty Quarters', 'morning'),
(298, 'Material Handling', 'Main Road', 'morning'),
(299, 'Water Quality Check', 'Recreation Area', 'morning'),
(300, 'Debris Removal', 'Parking Area', 'evening'),
(301, 'Lawn Mowing', 'Open Lawn', 'morning'),
(302, 'Flower Arrangement', 'Vegetable Garden', 'morning'),
(303, 'Equipment Repair', 'Hor-Men (Old) area', 'morning'),
(304, 'Drip System Setup', 'Garden Area', 'morning'),
(305, 'Ground Cleaning', 'Guest House', 'morning'),
(306, 'Perimeter Patrol', 'Main Gate Area', 'night'),
(307, 'Tree Planting', 'Tree Plantation Zone', 'morning'),
(308, 'Compost Mixing', 'Compost Area', 'morning'),
(309, 'Pest Spraying', 'Sports Complex area', 'evening'),
(310, 'Plant Watering', 'Flower Garden', 'morning'),
(311, 'Garden Design', 'Garden Area', 'morning'),
(312, 'Supply Transport', 'CEP Area', 'morning'),
(313, 'Irrigation Monitoring', 'Vegetable Garden', 'morning'),
(314, 'Waste Collection', 'Internal Roads', 'morning'),
(315, 'Pruning', 'Open Lawn', 'morning'),
(316, 'Seed Sowing', 'Tree Plantation Zone', 'morning'),
(317, 'Tool Maintenance', 'Administrative Block area', 'evening'),
(318, 'Fertilizer Application', 'Recreation Area', 'morning'),
(319, 'Area Sweeping', 'Medical Center', 'evening'),
(320, 'Night Security', 'Boundary Wall Area', 'night'),
(321, 'Soil Preparation', 'Flower Garden', 'morning'),
(322, 'Organic Waste Processing', 'Compost Area', 'morning'),
(323, 'Insect Control', 'Greenhouse Area', 'evening'),
(324, 'Greenhouse Monitoring', 'Greenhouse Area', 'morning'),
(325, 'Landscape Maintenance', 'Faculty Quarters', 'morning'),
(326, 'Material Handling', 'Lotus Point Area', 'morning'),
(327, 'Water Quality Check', 'Garden Area', 'morning'),
(328, 'Debris Removal', 'Cafeteria Zone', 'evening'),
(329, 'Lawn Mowing', 'Recreation Area', 'morning'),
(330, 'Flower Arrangement', 'Open Lawn', 'morning'),
(331, 'Equipment Repair', 'Lab Area', 'morning'),
(332, 'Drip System Setup', 'Vegetable Garden', 'morning'),
(333, 'Ground Cleaning', 'Sports Complex area', 'morning'),
(334, 'Perimeter Patrol', 'Security Post Area', 'night'),
(335, 'Tree Planting', 'Tree Plantation Zone', 'morning'),
(336, 'Compost Mixing', 'Compost Area', 'morning'),
(337, 'Pest Spraying', 'Garden Area', 'evening'),
(338, 'Plant Watering', 'Flower Garden', 'morning'),
(339, 'Garden Design', 'Recreation Area', 'morning'),
(340, 'Supply Transport', 'Library Complex', 'morning'),
(341, 'Irrigation Monitoring', 'Open Lawn', 'morning'),
(342, 'Waste Collection', 'Hor-Men (New) Area', 'morning'),
(343, 'Pruning', 'Tree Plantation Zone', 'morning'),
(344, 'Seed Sowing', 'Garden Area', 'morning'),
(345, 'Tool Maintenance', 'Parking Area', 'evening'),
(346, 'Fertilizer Application', 'Vegetable Garden', 'morning'),
(347, 'Area Sweeping', 'Guest House', 'evening'),
(348, 'Night Security', 'Main Gate Area', 'night'),
(349, 'Soil Preparation', 'Flower Garden', 'morning'),
(350, 'Organic Waste Processing', 'Compost Area', 'morning'),
(351, 'Insect Control', 'Sports Complex area', 'evening'),
(352, 'Greenhouse Monitoring', 'Greenhouse Area', 'morning'),
(353, 'Landscape Maintenance', 'Faculty Quarters', 'morning'),
(354, 'Material Handling', 'Main Road', 'morning'),
(355, 'Water Quality Check', 'Recreation Area', 'morning'),
(356, 'Debris Removal', 'Internal Roads', 'evening'),
(357, 'Lawn Mowing', 'Garden Area', 'morning'),
(358, 'Flower Arrangement', 'Open Lawn', 'morning'),
(359, 'Equipment Repair', 'Hor_women Area', 'morning'),
(360, 'Drip System Setup', 'Tree Plantation Zone', 'morning'),
(361, 'Ground Cleaning', 'Medical Center', 'morning'),
(362, 'Perimeter Patrol', 'Boundary Wall Area', 'night'),
(363, 'Tree Planting', 'Garden Area', 'morning'),
(364, 'Compost Mixing', 'Compost Area', 'morning'),
(365, 'Pest Spraying', 'Vegetable Garden', 'evening'),
(366, 'Plant Watering', 'Flower Garden', 'morning'),
(367, 'Garden Design', 'Recreation Area', 'morning'),
(368, 'Supply Transport', 'Administrative Block area', 'morning'),
(369, 'Irrigation Monitoring', 'Open Lawn', 'morning'),
(370, 'Waste Collection', 'CEP Area', 'morning'),
(371, 'Pruning', 'Tree Plantation Zone', 'morning'),
(372, 'Seed Sowing', 'Garden Area', 'morning'),
(373, 'Tool Maintenance', 'Lotus Point Area', 'evening'),
(374, 'Fertilizer Application', 'Recreation Area', 'morning'),
(375, 'Area Sweeping', 'Cafeteria Zone', 'evening'),
(376, 'Night Security', 'Security Post Area', 'night'),
(377, 'Soil Preparation', 'Flower Garden', 'morning'),
(378, 'Organic Waste Processing', 'Compost Area', 'morning'),
(379, 'Insect Control', 'Greenhouse Area', 'evening'),
(380, 'Greenhouse Monitoring', 'Greenhouse Area', 'morning'),
(381, 'Landscape Maintenance', 'Faculty Quarters', 'morning'),
(382, 'Material Handling', 'Sports Complex area', 'morning'),
(383, 'Water Quality Check', 'Garden Area', 'morning'),
(384, 'Debris Removal', 'Library Complex', 'evening'),
(385, 'Lawn Mowing', 'Open Lawn', 'morning'),
(386, 'Flower Arrangement', 'Vegetable Garden', 'morning'),
(387, 'Equipment Repair', 'Guest House', 'morning'),
(388, 'Drip System Setup', 'Recreation Area', 'morning'),
(389, 'Ground Cleaning', 'Parking Area', 'morning'),
(390, 'Perimeter Patrol', 'Main Gate Area', 'night'),
(391, 'Tree Planting', 'Tree Plantation Zone', 'morning'),
(392, 'Compost Mixing', 'Compost Area', 'morning'),
(393, 'Pest Spraying', 'Garden Area', 'evening'),
(394, 'Plant Watering', 'Flower Garden', 'morning'),
(395, 'Garden Design', 'Open Lawn', 'morning'),
(396, 'Supply Transport', 'Main Road', 'morning'),
(397, 'Irrigation Monitoring', 'Vegetable Garden', 'morning'),
(398, 'Waste Collection', 'Lecture Theatre area', 'morning'),
(399, 'Pruning', 'Tree Plantation Zone', 'morning'),
(400, 'Seed Sowing', 'Garden Area', 'morning');



INSERT INTO Inspects_campus_boundary (Boundary_ID, Supervisor_ID, Condition_State, Last_inspection_Date) VALUES
(1, 15, 'Good', '2024-01-15'),
(2, 28, 'Excellent', '2024-02-20'),
(3, 7, 'Fair', '2024-03-10'),
(4, 33, 'Needs Trimming', '2024-04-05'),
(5, 12, 'Good', '2024-05-18'),
(6, 41, 'Overgrown', '2024-06-22'),
(7, 3, 'Excellent', '2024-07-14'),
(8, 19, 'Poor', '2024-08-08'),
(9, 36, 'Sparse Coverage', '2024-09-12'),
(10, 8, 'Good', '2024-10-25'),
(11, 24, 'Damaged', '2024-11-30'),
(12, 17, 'Fair', '2024-12-15'),
(13, 39, 'Diseased', '2025-01-08'),
(14, 5, 'Requires Replanting', '2025-02-14'),
(15, 22, 'Good', '2025-03-20'),
(16, 31, 'Excellent', '2024-01-25'),
(17, 14, 'Needs Trimming', '2024-02-28'),
(18, 42, 'Fair', '2024-03-15'),
(19, 9, 'Overgrown', '2024-04-18'),
(20, 26, 'Good', '2024-05-22'),
(21, 1, 'Poor', '2024-06-28'),
(22, 35, 'Sparse Coverage', '2024-07-30'),
(23, 18, 'Excellent', '2024-08-25'),
(24, 11, 'Damaged', '2024-09-18'),
(25, 29, 'Good', '2024-10-12'),
(26, 6, 'Fair', '2024-11-08'),
(27, 38, 'Diseased', '2024-12-22'),
(28, 21, 'Needs Trimming', '2025-01-15'),
(29, 13, 'Excellent', '2025-02-20'),
(30, 40, 'Requires Replanting', '2025-03-25'),
(31, 4, 'Good', '2024-01-30'),
(32, 27, 'Overgrown', '2024-02-15'),
(33, 16, 'Fair', '2024-03-22'),
(34, 32, 'Poor', '2024-04-28'),
(35, 10, 'Excellent', '2024-05-30'),
(36, 23, 'Sparse Coverage', '2024-06-15'),
(37, 37, 'Good', '2024-07-20'),
(38, 2, 'Damaged', '2024-08-18'),
(39, 30, 'Needs Trimming', '2024-09-25'),
(40, 20, 'Fair', '2024-10-30'),
(41, 34, 'Diseased', '2024-11-15'),
(42, 25, 'Excellent', '2024-12-08'),
(43, 8, 'Good', '2025-01-22'),
(44, 15, 'Requires Replanting', '2025-02-28'),
(45, 41, 'Overgrown', '2025-03-15'),
(46, 7, 'Fair', '2024-02-05'),
(47, 28, 'Poor', '2024-03-12'),
(48, 12, 'Excellent', '2024-04-20'),
(49, 33, 'Sparse Coverage', '2024-05-25'),
(50, 19, 'Good', '2024-06-30'),
(51, 3, 'Needs Trimming', '2024-07-25'),
(52, 36, 'Damaged', '2024-08-30'),
(53, 24, 'Fair', '2024-09-15'),
(54, 17, 'Diseased', '2024-10-20'),
(55, 39, 'Excellent', '2024-11-25'),
(56, 5, 'Good', '2024-12-30'),
(57, 22, 'Requires Replanting', '2025-01-05'),
(58, 31, 'Overgrown', '2025-02-10'),
(59, 14, 'Fair', '2025-03-18'),
(60, 42, 'Poor', '2024-01-12'),
(61, 9, 'Excellent', '2024-02-18'),
(62, 26, 'Sparse Coverage', '2024-03-25'),
(63, 1, 'Good', '2024-04-30'),
(64, 35, 'Needs Trimming', '2024-06-05'),
(65, 18, 'Damaged', '2024-07-10'),
(66, 11, 'Fair', '2024-08-15'),
(67, 29, 'Diseased', '2024-09-20'),
(68, 6, 'Excellent', '2024-10-25'),
(69, 38, 'Good', '2024-11-30'),
(70, 21, 'Requires Replanting', '2025-01-02'),
(71, 13, 'Overgrown', '2025-02-08'),
(72, 40, 'Fair', '2025-03-12'),
(73, 4, 'Poor', '2024-01-20'),
(74, 27, 'Excellent', '2024-02-25'),
(75, 16, 'Sparse Coverage', '2024-04-02'),
(76, 32, 'Good', '2024-05-08'),
(77, 10, 'Needs Trimming', '2024-06-12'),
(78, 23, 'Damaged', '2024-07-18'),
(79, 37, 'Fair', '2024-08-22'),
(80, 2, 'Diseased', '2024-09-28'),
(81, 30, 'Excellent', '2024-11-02'),
(82, 20, 'Good', '2024-12-08'),
(83, 34, 'Requires Replanting', '2025-01-12'),
(84, 25, 'Overgrown', '2025-02-18'),
(85, 8, 'Fair', '2025-03-22'),
(86, 15, 'Poor', '2024-02-12'),
(87, 41, 'Excellent', '2024-03-18'),
(88, 7, 'Sparse Coverage', '2024-04-25'),
(89, 28, 'Good', '2024-05-30'),
(90, 12, 'Needs Trimming', '2024-07-05'),
(91, 33, 'Damaged', '2024-08-10'),
(92, 19, 'Fair', '2024-09-15'),
(93, 3, 'Diseased', '2024-10-20'),
(94, 36, 'Excellent', '2024-11-25'),
(95, 24, 'Good', '2024-12-30'),
(96, 17, 'Requires Replanting', '2025-02-05'),
(97, 39, 'Overgrown', '2025-03-10'),
(98, 5, 'Fair', '2024-01-28'),
(99, 22, 'Poor', '2024-03-05'),
(100, 31, 'Excellent', '2024-04-12');



INSERT INTO Fertilizer (Fertilizer_Name, Manager_ID, Quantity, Selling_Quantity, Selling_price, Expiry_Date) VALUES
('Vermicompost', 1, 500.00, 200.00, 15.00, '2025-12-31'),
('Leaf Mold', 2, 300.00, 150.00, 12.00, '2025-11-30'),
('Kitchen Waste Compost', 3, 400.00, 180.00, 10.00, '2025-10-31'),
('Garden Waste Fertilizer', 4, 600.00, 250.00, 18.00, '2025-12-15'),
('Bio-compost', 5, 350.00, 120.00, 20.00, '2025-09-30'),
('Organic Mix', 6, 450.00, 200.00, 25.00, '2025-11-15'),
('Green Fertilizer', 7, 380.00, 160.00, 22.00, '2025-10-15'),
('Eco-fertilizer', 8, 320.00, 140.00, 28.00, '2025-12-20'),
('Organic Manure', 9, 550.00, 220.00, 14.00, '2025-11-10'),
('Plant Waste Compost', 10, 420.00, 170.00, 16.00, '2025-10-25'),
('Natural Fertilizer', 11, 480.00, 190.00, 24.00, '2025-12-05'),
('Sustainable Compost', 12, 360.00, 130.00, 19.00, '2025-09-15'),
('Green Waste Mix', 13, 400.00, 180.00, 17.00, '2025-11-25');




INSERT INTO Gardening_Staff_Fertilizer (Staff_ID, Fertilizer_Name) VALUES
(18, 'Vermicompost'),
(18, 'Leaf Mold'),
(46, 'Kitchen Waste Compost'),
(46, 'Garden Waste Fertilizer'),
(74, 'Bio-compost'),
(74, 'Organic Mix'),
(102, 'Green Fertilizer'),
(102, 'Eco-fertilizer'),
(130, 'Organic Manure'),
(130, 'Plant Waste Compost'),
(158, 'Natural Fertilizer'),
(158, 'Sustainable Compost'),
(186, 'Green Waste Mix'),
(186, 'Vermicompost'),
(214, 'Leaf Mold'),
(234, 'Kitchen Waste Compost'),
(242, 'Bio-compost'),
(262, 'Organic Mix'),
(270, 'Green Fertilizer'),
(290, 'Eco-fertilizer'),
(298, 'Organic Manure'),
(318, 'Plant Waste Compost'),
(326, 'Natural Fertilizer'),
(346, 'Sustainable Compost'),
(354, 'Green Waste Mix'),
(374, 'Vermicompost'),
(382, 'Garden Waste Fertilizer');



INSERT INTO Sales_Manager (Manager_ID, Name, Email) VALUES
(1, 'Rajesh Kumar', 'rajeshkumar1@dau.ac.in'),
(2, 'Priya Sharma', 'priyasharma2@dau.ac.in'),
(3, 'Amit Patel', 'amitpatel3@dau.ac.in'),
(4, 'Sunita Singh', 'sunitasingh4@dau.ac.in'),
(5, 'Vikram Gupta', 'vikramgupta5@dau.ac.in'),
(6, 'Meera Joshi', 'meerajoshi6@dau.ac.in'),
(7, 'Ravi Verma', 'raviverma7@dau.ac.in'),
(8, 'Kavita Rao', 'kavitarao8@dau.ac.in'),
(9, 'Suresh Reddy', 'sureshreddy9@dau.ac.in'),
(10, 'Anita Nair', 'anitanair10@dau.ac.in'),
(11, 'Deepak Agarwal', 'deepakagarwal11@dau.ac.in'),
(12, 'Pooja Mishra', 'poojamishra12@dau.ac.in'),
(13, 'Manoj Tiwari', 'manojtiwari13@dau.ac.in'),
(14, 'Rekha Pandey', 'rekhapandey14@dau.ac.in'),
(15, 'Ashok Yadav', 'ashokyadav15@dau.ac.in'),
(16, 'Sita Devi', 'sitadevi16@dau.ac.in'),
(17, 'Ramesh Chandra', 'rameshchandra17@dau.ac.in'),
(18, 'Geeta Kumari', 'geetakumari18@dau.ac.in'),
(19, 'Harish Saxena', 'harishsaxena19@dau.ac.in'),
(20, 'Lata Bhatt', 'latabhatt20@dau.ac.in'),
(21, 'Dinesh Jain', 'dineshjain21@dau.ac.in'),
(22, 'Usha Srivastava', 'ushasrivastava22@dau.ac.in'),
(23, 'Kiran Chopra', 'kiranchopra23@dau.ac.in'),
(24, 'Mohan Das', 'mohandas24@dau.ac.in'),
(25, 'Shanti Bose', 'shantibose25@dau.ac.in');



INSERT INTO Tree_Species (Common_Name, Botanical_Name, Water_Req, Fertilizer_Name) VALUES
('Bengali Babool', 'Acacia auriculiformis A. Cunn. ex Benth.', 'Low', 'Vermicompost'),
('Khair', 'Acacia catechu Willd.', 'Low', 'Leaf Mold'),
('Safed Babul', 'Acacia leucophloea Willd.', 'Low', 'Kitchen Waste Compost'),
('Desi Babul', 'Acacia nilotica (L.) Willd. ex Del.', 'Low', 'Garden Waste Fertilizer'),
('Billi Patra', 'Aegle marmelos L. Correa', 'Medium', 'Bio-compost'),
('Arduso', 'Ailanthus excelsa Roxb.', 'Low', 'Organic Mix'),
('Kalo Siras', 'Albizia odoratissima (L.f.) Benth.', 'Medium', 'Green Fertilizer'),
('Saptparni', 'Alstonia scholaris R. Br.', 'Medium', 'Eco-fertilizer'),
('Sitaphal', 'Annona squamosa (L.)', 'Medium', 'Organic Manure'),
('Limbdo', 'Azadirachta indica A. Juss.', 'Low', 'Plant Waste Compost'),
('Ingoriya', 'Balanites aegyptiaca (L.) Delile', 'Low', 'Natural Fertilizer'),
('Kanchanar', 'Bauhinia purpurea L.', 'Medium', 'Sustainable Compost'),
('Yellow Bauhinia', 'Bauhinia tomentosa L.', 'Low', 'Green Waste Mix'),
('Bismarckia', 'Bismarckia nobilis Hildebr. & Wendl.', 'High', 'Vermicompost'),
('Shimalo', 'Bombax ceiba L.', 'Medium', 'Leaf Mold'),
('Kesudo', 'Butea monosperma (Lamk) Taub.', 'Low', 'Kitchen Waste Compost'),
('Dwarf Gulmohar', 'Caesalpinia pulcherrima (L.) Sw.', 'Medium', 'Garden Waste Fertilizer'),
('Powder Crop', 'Calliandra haematocephala Hassk.', 'Medium', 'Bio-compost'),
('Australian Bottle Brush', 'Callistemon acuminatus R. Br.', 'Medium', 'Organic Mix'),
('Karamda', 'Carissa carandas L.', 'Low', 'Green Fertilizer'),
('Shivjata', 'Caryota urens L.', 'High', 'Eco-fertilizer'),
('Yellow Karen', 'Cascabela thevetia (L.) Lippold', 'Low', 'Organic Manure'),
('Garmalo', 'Cassia fistula Linn.', 'Medium', 'Plant Waste Compost'),
('Pink Cassia', 'Cassia renigera Benth.', 'Medium', 'Natural Fertilizer'),
('Kapok', 'Ceiba pentandra (L.) Gaertn.', 'Medium', 'Sustainable Compost'),
('Mosambi', 'Citrus limetta Risso', 'High', 'Green Waste Mix'),
('Limbu', 'Citrus limon L.', 'High', 'Vermicompost'),
('Arni', 'Clerodendrum phlomidis L. f.', 'Medium', 'Leaf Mold'),
('Gundo', 'Cordia dichotoma Forst. F.', 'Low', 'Kitchen Waste Compost'),
('Lal Lasora', 'Cordia sebestena L.', 'Medium', 'Garden Waste Fertilizer'),
('Kailash Pati', 'Couroupita guianensis Aubl.', 'High', 'Bio-compost'),
('Dalbergia', 'Dalbergia cochinchinensis Pierre ex Laness.', 'Medium', 'Organic Mix'),
('Sisoo', 'Dalbergia sisso Roxb. ex DC.', 'Medium', 'Green Fertilizer'),
('Gulmohar', 'Delonix regia (Boj) Raf.', 'Medium', 'Eco-fertilizer'),
('Putranjiva', 'Drypetes roxburghii (Wall.) Hurus.', 'Medium', 'Organic Manure'),
('Oil Palm', 'Elaeis guineensis Jacq.', 'High', 'Plant Waste Compost'),
('Amla', 'Emblica officinalis Gaertn.', 'Medium', 'Natural Fertilizer'),
('Pangaro', 'Erythrina variegata L. var.', 'Medium', 'Sustainable Compost'),
('Fatsia Polycarpa', 'Fatsia polycarpa Hayata', 'High', 'Green Waste Mix'),
('Vad', 'Ficus benghalensis L.', 'Medium', 'Vermicompost'),
('Benjamina', 'Ficus benjamina L.', 'Medium', 'Leaf Mold'),
('Ficus Longifolia', 'Ficus longifolia Schott', 'Medium', 'Kitchen Waste Compost'),
('Nandrak Vad', 'Ficus microcarpa L. f.', 'Medium', 'Garden Waste Fertilizer'),
('Umro', 'Ficus racemosa L.', 'Medium', 'Bio-compost'),
('Piplo', 'Ficus religiosa L. Forssk.', 'Medium', 'Organic Mix'),
('Gliricidia', 'Gliricidia sepium (Jacq.) Steud.', 'Low', 'Green Fertilizer'),
('Sevan', 'Gmelina arborea L.', 'Medium', 'Eco-fertilizer'),
('Silver Oak', 'Grevillea robusta A. Cunn.', 'Medium', 'Organic Manure'),
('Hippomane', 'Hippomane mancinella L.', 'Medium', 'Plant Waste Compost'),
('Indrajau', 'Holarrhena antidysenterica var. macrantha Kerr', 'Medium', 'Natural Fertilizer'),
('Kanji', 'Holoptelea integrifolia Planch.', 'Low', 'Sustainable Compost'),
('Cucumber Tree', 'Kigelia pinnata (Jacq.)', 'Medium', 'Green Waste Mix'),
('Bondaro', 'Lagerstroemia speciosa (L.) Pers.', 'Medium', 'Vermicompost'),
('Fan Palm', 'Latania lontaroides (Gaertner) H. E. Moore', 'High', 'Leaf Mold'),
('Subabul', 'Leucaena leucocephala (Lam) de Wit', 'Low', 'Kitchen Waste Compost'),
('Kothi', 'Limonia acidissima L.', 'Medium', 'Garden Waste Fertilizer'),
('Livistonia Mariea', 'Livistona mariae F.Muell.', 'High', 'Bio-compost'),
('Mahudo', 'Madhuca longifolia Macb.', 'Medium', 'Organic Mix'),
('Champo', 'Magnolia champaca (L.) Baill. Ex Pierre', 'High', 'Green Fertilizer'),
('Ambo', 'Mangifera indica (L.)', 'High', 'Eco-fertilizer'),
('Rayan', 'Manilkara hexandra (Roxb.)', 'Medium', 'Organic Manure'),
('Bakan Neem', 'Melia azedarach L.', 'Low', 'Plant Waste Compost'),
('Nimbara', 'Melia dubia Cav.', 'Low', 'Natural Fertilizer'),
('Borsalli', 'Mimusops elengi L.', 'Medium', 'Sustainable Compost'),
('Kalam', 'Mitragyna parvifolia (Roxb.) Korth.', 'Medium', 'Green Waste Mix'),
('Mitho Limdo', 'Murraya koenigii (L.) Sprengel', 'Medium', 'Vermicompost'),
('Kunti', 'Murraya paniculata (L.) Jack', 'Medium', 'Leaf Mold'),
('Kadam', 'Neolamarckia cadamba (Roxb.) Bosser', 'High', 'Kitchen Waste Compost'),
('Parijat', 'Nyctanthus arbortristis L.', 'Medium', 'Garden Waste Fertilizer'),
('Parkia', 'Parkia roxburghii G. Don', 'Medium', 'Bio-compost'),
('Sonmohor', 'Peltophorum pterocarpum (DC.) K. Heyne', 'Medium', 'Organic Mix'),
('Khajuri', 'Phoenix sylvestris (L.) Roxb.', 'Medium', 'Green Fertilizer'),
('Mithi Ambali', 'Pithecellobium dulce (Roxb.) Benth.', 'Low', 'Eco-fertilizer'),
('Asopalav', 'Polyalthia longifolia Sonn.', 'Medium', 'Organic Manure'),
('Karanj', 'Pongamia pinnata (L.) Pierre', 'Low', 'Plant Waste Compost'),
('Khijado', 'Prosopis cineraria Druce.', 'Low', 'Natural Fertilizer'),
('Gando Baval', 'Prosopis juliflora (Swartz) DC.', 'Low', 'Sustainable Compost'),
('Jamphal', 'Psidium guajava L.', 'Medium', 'Green Waste Mix'),
('Kanak Champo', 'Pterospermum acerifolium L. Wild.', 'Medium', 'Vermicompost'),
('Pilu', 'Salvadora oleoides Decne.', 'Low', 'Leaf Mold'),
('Rato-Sarasdo', 'Samanea saman (Jacq.) Merr.', 'Medium', 'Kitchen Waste Compost'),
('Aritha', 'Sapindus mukorossi Gaertn.', 'Medium', 'Garden Waste Fertilizer'),
('Kashid', 'Senna siamea (Lam.) Irwin et Barneby', 'Low', 'Bio-compost'),
('Spathodea', 'Spathodea campanulata P. Beauv.', 'Medium', 'Organic Mix'),
('Harero', 'Steblus asper Lour.', 'Low', 'Green Fertilizer'),
('Jangli Badam', 'Sterculia foetida L.', 'Medium', 'Eco-fertilizer'),
('Mahagony', 'Swietenia mahagoni (Linn.) Jacq.', 'Medium', 'Organic Manure'),
('Jambu', 'Syzygium cumini L. Skeels.', 'Medium', 'Plant Waste Compost'),
('Tabebuia Aurea', 'Tabebuia aurea (Silva Manso) Benth. & Hook. F. ex S. Moore', 'Medium', 'Natural Fertilizer'),
('Tabebuia Rosea', 'Tabebuia rosea DC.', 'Medium', 'Sustainable Compost'),
('Khati Amali', 'Tamarindus indica L.', 'Low', 'Green Waste Mix'),
('Ragat Rohida', 'Tecomella undulata (Smith) Seem.', 'Low', 'Vermicompost'),
('Arjun Sadad', 'Terminalia arjuna (Roxb. ex DC.) Wight. & Arn.', 'Medium', 'Leaf Mold'),
('Baheda', 'Terminalia bellirica Roxb.', 'Medium', 'Kitchen Waste Compost'),
('Desi Badam', 'Terminalia catappa L.', 'Medium', 'Garden Waste Fertilizer'),
('Harde', 'Terminalia chebula Retz.', 'Medium', 'Bio-compost'),
('Paras Piplo', 'Thespesia populnea (L.) Sol. ex Correa', 'Medium', 'Organic Mix'),
('Nagod', 'Vitex negundo L.', 'Low', 'Green Fertilizer'),
('Bougainvillea', 'Bougainvillea spectabilis Comm. Ex Juss.', 'Low', 'Eco-fertilizer'),
('Hemalia', 'Hamalia patens Jacq.', 'Medium', 'Organic Manure'),
('Jacaranda', 'Jacaranda mimosaefolia D. Don.', 'Medium', 'Plant Waste Compost'),
('Jatropha', 'Jatropha gossypiifolia L.', 'Low', 'Natural Fertilizer'),
('Pavetta', 'Pavetta indica L.', 'Medium', 'Sustainable Compost'),
('Tagar', 'Tabernaemontana divaricata R. Br. ex Roem. & Schult.', 'Medium', 'Green Waste Mix'),
('Tecoma', 'Tecoma stans (L.) Juss. ex Kunth', 'Low', 'Vermicompost'),
('Ketki', 'Agave americana L.', 'Low', 'Leaf Mold'),
('Bamboo', 'Bambusa striata Lodd. ex Lindl.', 'High', 'Kitchen Waste Compost');



INSERT INTO Tree (Tree_ID, Staff_ID, Common_Name, Age, Height, Planting_Date, Pruning_Required) VALUES
(1, 1, 'Bengali Babool', 5, 12.50, '2019-03-15', 'Yes'),
(2, 2, 'Bengali Babool', 4, 10.20, '2020-06-12', 'No'),
(3, 3, 'Khair', 3, 8.75, '2021-02-28', 'Yes'),
(4, 1, 'Safed Babul', 6, 15.30, '2018-11-05', 'No'),
(5, 4, 'Desi Babul', 5, 11.80, '2019-08-22', 'Yes'),
(6, 5, 'Billi Patra', 4, 9.40, '2020-04-18', 'No'),
(7, 2, 'Arduso', 3, 7.60, '2021-09-10', 'Yes'),
(8, 6, 'Kalo Siras', 5, 13.25, '2019-12-03', 'No'),
(9, 7, 'Saptparni', 4, 10.90, '2020-07-25', 'Yes'),
(10, 8, 'Sitaphal', 2, 5.20, '2022-01-14', 'No'),
(11, 3, 'Limbdo', 6, 16.75, '2018-05-30', 'Yes'),
(12, 9, 'Ingoriya', 3, 6.80, '2021-11-08', 'No'),
(13, 10, 'Kanchanar', 4, 9.15, '2020-10-16', 'Yes'),
(14, 4, 'Yellow Bauhinia', 5, 8.45, '2019-07-21', 'No'),
(15, 11, 'Bismarckia', 3, 14.60, '2021-04-12', 'Yes'),
(16, 12, 'Shimalo', 4, 18.30, '2020-12-28', 'No'),
(17, 5, 'Kesudo', 2, 6.95, '2022-03-07', 'Yes'),
(18, 13, 'Dwarf Gulmohar', 5, 7.85, '2019-09-19', 'No'),
(19, 14, 'Powder Crop', 3, 5.40, '2021-06-05', 'Yes'),
(20, 6, 'Australian Bottle Brush', 4, 8.20, '2020-02-11', 'No'),
(21, 15, 'Karamda', 6, 9.75, '2018-08-27', 'Yes'),
(22, 16, 'Shivjata', 2, 12.10, '2022-05-14', 'No'),
(23, 7, 'Yellow Karen', 3, 6.30, '2021-11-20', 'Yes'),
(24, 17, 'Garmalo', 4, 11.85, '2020-09-08', 'No'),
(25, 18, 'Pink Cassia', 5, 8.60, '2019-04-25', 'Yes'),
(26, 8, 'Kapok', 3, 17.40, '2021-08-17', 'No'),
(27, 19, 'Mosambi', 4, 7.25, '2020-01-23', 'Yes'),
(28, 20, 'Limbu', 2, 6.80, '2022-07-09', 'No'),
(29, 9, 'Arni', 5, 9.35, '2019-10-31', 'Yes'),
(30, 21, 'Gundo', 6, 8.90, '2018-12-15', 'No'),
(31, 22, 'Lal Lasora', 3, 7.15, '2021-03-28', 'Yes'),
(32, 10, 'Kailash Pati', 4, 15.70, '2020-11-04', 'No'),
(33, 23, 'Dalbergia', 5, 10.45, '2019-06-18', 'Yes'),
(34, 24, 'Sisoo', 3, 12.20, '2021-09-12', 'No'),
(35, 11, 'Gulmohar', 4, 9.80, '2020-05-29', 'Yes'),
(36, 25, 'Putranjiva', 2, 8.35, '2022-02-16', 'No'),
(37, 26, 'Oil Palm', 5, 16.90, '2019-11-22', 'Yes'),
(38, 12, 'Amla', 3, 7.50, '2021-07-08', 'No'),
(39, 27, 'Pangaro', 4, 11.25, '2020-03-14', 'Yes'),
(40, 28, 'Fatsia Polycarpa', 6, 13.80, '2018-10-01', 'No'),
(41, 13, 'Vad', 5, 19.45, '2019-01-17', 'Yes'),
(42, 29, 'Benjamina', 3, 8.70, '2021-05-24', 'No'),
(43, 30, 'Ficus Longifolia', 4, 10.15, '2020-08-10', 'Yes'),
(44, 14, 'Nandrak Vad', 2, 17.25, '2022-04-26', 'No'),
(45, 31, 'Umro', 3, 14.60, '2021-12-03', 'Yes'),
(46, 32, 'Piplo', 4, 16.80, '2020-06-19', 'No'),
(47, 15, 'Gliricidia', 5, 6.95, '2019-02-08', 'Yes'),
(48, 33, 'Sevan', 3, 12.40, '2021-10-15', 'No'),
(49, 34, 'Silver Oak', 4, 11.75, '2020-07-01', 'Yes'),
(50, 16, 'Hippomane', 6, 9.20, '2018-12-27', 'No'),
(51, 35, 'Indrajau', 2, 8.85, '2022-04-13', 'Yes'),
(52, 36, 'Kanji', 3, 7.40, '2021-11-29', 'No'),
(53, 17, 'Cucumber Tree', 4, 10.60, '2020-08-15', 'Yes'),
(54, 37, 'Bondaro', 5, 12.95, '2019-01-21', 'No'),
(55, 38, 'Fan Palm', 3, 15.30, '2021-05-07', 'Yes'),
(56, 18, 'Subabul', 4, 6.75, '2020-08-23', 'No'),
(57, 39, 'Kothi', 2, 8.10, '2022-03-09', 'Yes'),
(58, 40, 'Livistonia Mariea', 5, 14.85, '2019-09-25', 'No'),
(59, 19, 'Mahudo', 3, 13.20, '2021-06-11', 'Yes'),
(60, 41, 'Champo', 4, 11.40, '2020-12-17', 'No'),
(61, 42, 'Ambo', 6, 18.75, '2018-04-03', 'Yes'),
(62, 20, 'Rayan', 3, 9.65, '2021-10-19', 'No'),
(63, 43, 'Bakan Neem', 4, 7.90, '2020-02-25', 'Yes'),
(64, 44, 'Nimbara', 5, 8.55, '2019-09-11', 'No'),
(65, 21, 'Borsalli', 2, 10.30, '2022-07-28', 'Yes'),
(66, 45, 'Kalam', 3, 11.85, '2021-11-14', 'No'),
(67, 46, 'Mitho Limdo', 4, 5.20, '2020-05-30', 'Yes'),
(68, 22, 'Kunti', 5, 6.45, '2019-08-16', 'No'),
(69, 47, 'Kadam', 3, 16.20, '2021-03-02', 'Yes'),
(70, 48, 'Parijat', 4, 8.90, '2020-09-18', 'No'),
(71, 23, 'Parkia', 6, 12.75, '2018-01-04', 'Yes'),
(72, 49, 'Sonmohor', 2, 11.50, '2022-06-20', 'No'),
(73, 50, 'Khajuri', 3, 13.65, '2021-12-06', 'Yes'),
(74, 24, 'Mithi Ambali', 4, 7.25, '2020-08-22', 'No'),
(75, 51, 'Asopalav', 5, 9.80, '2019-11-08', 'Yes'),
(76, 52, 'Karanj', 3, 8.15, '2021-03-24', 'No'),
(77, 25, 'Khijado', 4, 6.90, '2020-07-10', 'Yes'),
(78, 53, 'Gando Baval', 2, 7.55, '2022-04-26', 'No'),
(79, 54, 'Jamphal', 5, 8.40, '2019-12-12', 'Yes'),
(80, 26, 'Kanak Champo', 3, 10.95, '2021-05-28', 'No'),
(81, 55, 'Pilu', 4, 6.30, '2020-10-14', 'Yes'),
(82, 56, 'Rato-Sarasdo', 6, 14.20, '2018-02-28', 'No'),
(83, 27, 'Aritha', 2, 9.75, '2022-06-15', 'Yes'),
(84, 57, 'Kashid', 3, 7.85, '2021-01-01', 'No'),
(85, 58, 'Spathodea', 4, 12.40, '2020-07-17', 'Yes'),
(86, 28, 'Harero', 5, 6.60, '2019-04-03', 'No'),
(87, 59, 'Jangli Badam', 3, 11.15, '2021-10-19', 'Yes'),
(88, 60, 'Mahagony', 4, 13.90, '2020-02-05', 'No'),
(89, 29, 'Jambu', 2, 10.25, '2022-11-21', 'Yes'),
(90, 61, 'Tabebuia Aurea', 5, 9.50, '2019-08-07', 'No'),
(91, 62, 'Tabebuia Rosea', 3, 8.75, '2021-03-23', 'Yes'),
(92, 30, 'Khati Amali', 4, 12.80, '2020-12-09', 'No'),
(93, 63, 'Ragat Rohida', 6, 7.40, '2018-09-25', 'Yes'),
(94, 64, 'Arjun Sadad', 2, 11.65, '2022-05-11', 'No'),
(95, 31, 'Baheda', 3, 9.30, '2021-08-27', 'Yes'),
(96, 65, 'Desi Badam', 4, 10.85, '2020-01-13', 'No'),
(97, 66, 'Harde', 5, 8.95, '2019-06-29', 'Yes'),
(98, 32, 'Paras Piplo', 3, 7.70, '2021-11-15', 'No'),
(99, 67, 'Nagod', 4, 6.85, '2020-04-01', 'Yes'),
(100, 68, 'Bougainvillea', 2, 3.50, '2022-09-17', 'No'),
(101, 33, 'Hemalia', 5, 4.20, '2019-01-03', 'Yes'),
(102, 69, 'Jacaranda', 3, 8.60, '2021-07-19', 'No'),
(103, 70, 'Jatropha', 4, 5.75, '2020-11-05', 'Yes'),
(104, 34, 'Pavetta', 6, 4.90, '2018-03-21', 'No'),
(105, 71, 'Tagar', 2, 5.35, '2022-08-07', 'Yes'),
(106, 72, 'Tecoma', 3, 6.15, '2021-04-23', 'No'),
(107, 35, 'Ketki', 4, 2.80, '2020-12-09', 'Yes'),
(108, 73, 'Bamboo', 5, 15.40, '2019-05-25', 'No'),
(109, 1, 'Khair', 3, 9.20, '2021-02-11', 'Yes'),
(110, 74, 'Bengali Babool', 4, 11.75, '2020-08-27', 'No'),
(111, 75, 'Safed Babul', 2, 8.90, '2022-06-13', 'Yes'),
(112, 76, 'Desi Babul', 5, 12.45, '2019-09-08', 'No'),
(113, 77, 'Billi Patra', 3, 7.65, '2021-01-24', 'Yes'),
(114, 78, 'Arduso', 4, 9.80, '2020-10-16', 'No'),
(115, 79, 'Kalo Siras', 6, 13.70, '2018-07-02', 'Yes'),
(116, 80, 'Saptparni', 2, 10.25, '2022-03-18', 'No'),
(117, 81, 'Sitaphal', 3, 5.95, '2021-11-04', 'Yes'),
(118, 82, 'Limbdo', 4, 14.30, '2020-05-20', 'No'),
(119, 83, 'Ingoriya', 5, 7.40, '2019-12-06', 'Yes'),
(120, 84, 'Kanchanar', 3, 8.85, '2021-08-22', 'No'),
(121, 85, 'Yellow Bauhinia', 4, 6.70, '2020-04-08', 'Yes'),
(122, 86, 'Bismarckia', 2, 16.50, '2022-01-14', 'No'),
(123, 87, 'Shimalo', 5, 19.20, '2019-06-30', 'Yes'),
(124, 88, 'Kesudo', 3, 8.15, '2021-03-16', 'No'),
(125, 89, 'Dwarf Gulmohar', 4, 7.90, '2020-11-02', 'Yes'),
(126, 90, 'Powder Crop', 6, 5.60, '2018-08-18', 'No'),
(127, 91, 'Australian Bottle Brush', 2, 8.45, '2022-05-04', 'Yes'),
(128, 92, 'Karamda', 3, 9.10, '2021-12-20', 'No'),
(129, 93, 'Shivjata', 4, 12.85, '2020-07-06', 'Yes'),
(130, 94, 'Yellow Karen', 5, 6.25, '2019-02-22', 'No'),
(131, 95, 'Garmalo', 3, 11.40, '2021-09-08', 'Yes'),
(132, 96, 'Pink Cassia', 4, 8.75, '2020-01-24', 'No'),
(133, 97, 'Kapok', 2, 18.60, '2022-10-10', 'Yes'),
(134, 98, 'Mosambi', 5, 7.50, '2019-04-26', 'No'),
(135, 99, 'Limbu', 3, 6.95, '2021-06-12', 'Yes'),
(136, 100, 'Arni', 4, 9.20, '2020-12-28', 'No'),
(137, 101, 'Gundo', 6, 8.65, '2018-05-14', 'Yes'),
(138, 102, 'Lal Lasora', 2, 7.30, '2022-02-28', 'No'),
(139, 103, 'Kailash Pati', 3, 16.15, '2021-10-16', 'Yes'),
(140, 104, 'Dalbergia', 4, 10.80, '2020-06-02', 'No'),
(141, 105, 'Sisoo', 5, 12.55, '2019-11-18', 'Yes'),
(142, 106, 'Gulmohar', 3, 9.95, '2021-07-04', 'No'),
(143, 107, 'Putranjiva', 4, 8.40, '2020-03-20', 'Yes'),
(144, 108, 'Oil Palm', 2, 17.25, '2022-12-06', 'No'),
(145, 109, 'Amla', 5, 7.85, '2019-08-22', 'Yes'),
(146, 110, 'Pangaro', 3, 11.70, '2021-04-08', 'No'),
(147, 111, 'Fatsia Polycarpa', 4, 14.35, '2020-09-24', 'Yes'),
(148, 112, 'Vad', 6, 20.10, '2018-01-10', 'No'),
(149, 113, 'Benjamina', 2, 8.90, '2022-07-26', 'Yes'),
(150, 114, 'Ficus Longifolia', 3, 10.45, '2021-02-12', 'No'),
(151, 115, 'Nandrak Vad', 4, 17.80, '2020-10-28', 'Yes'),
(152, 116, 'Umro', 5, 15.25, '2019-05-14', 'No'),
(153, 117, 'Piplo', 3, 16.90, '2021-11-30', 'Yes'),
(154, 118, 'Gliricidia', 4, 7.15, '2020-08-16', 'No'),
(155, 119, 'Sevan', 2, 12.60, '2022-04-02', 'Yes'),
(156, 120, 'Silver Oak', 5, 11.95, '2019-12-18', 'No'),
(157, 121, 'Hippomane', 3, 9.35, '2021-05-06', 'Yes'),
(158, 122, 'Indrajau', 4, 8.70, '2020-01-22', 'No'),
(159, 123, 'Kanji', 6, 7.55, '2018-09-08', 'Yes'),
(160, 124, 'Cucumber Tree', 2, 10.80, '2022-06-24', 'No'),
(161, 125, 'Bondaro', 3, 13.15, '2021-03-12', 'Yes'),
(162, 126, 'Fan Palm', 4, 15.70, '2020-11-28', 'No'),
(163, 127, 'Subabul', 5, 6.90, '2019-07-14', 'Yes'),
(164, 128, 'Kothi', 3, 8.25, '2021-08-30', 'No'),
(165, 129, 'Livistonia Mariea', 4, 15.05, '2020-04-16', 'Yes'),
(166, 130, 'Mahudo', 2, 13.40, '2022-01-02', 'No'),
(167, 131, 'Champo', 5, 11.85, '2019-09-18', 'Yes'),
(168, 132, 'Ambo', 3, 19.25, '2021-06-04', 'No'),
(169, 133, 'Rayan', 4, 9.80, '2020-02-20', 'Yes'),
(170, 134, 'Bakan Neem', 6, 8.05, '2018-10-06', 'No'),
(171, 135, 'Nimbara', 2, 8.70, '2022-05-22', 'Yes'),
(172, 136, 'Borsalli', 3, 10.55, '2021-12-08', 'No'),
(173, 137, 'Kalam', 4, 12.20, '2020-07-24', 'Yes'),
(174, 138, 'Mitho Limdo', 5, 5.35, '2019-03-10', 'No'),
(175, 139, 'Kunti', 3, 6.60, '2021-10-26', 'Yes'),
(176, 140, 'Kadam', 4, 16.45, '2020-06-12', 'No'),
(177, 141, 'Parijat', 2, 9.15, '2022-03-28', 'Yes'),
(178, 142, 'Parkia', 5, 12.90, '2019-11-14', 'No'),
(179, 143, 'Sonmohor', 3, 11.75, '2021-07-30', 'Yes'),
(180, 144, 'Khajuri', 4, 13.80, '2020-04-16', 'No'),
(181, 145, 'Mithi Ambali', 6, 7.40, '2018-12-02', 'Yes'),
(182, 146, 'Asopalav', 2, 10.05, '2022-08-18', 'No'),
(183, 147, 'Karanj', 3, 8.30, '2021-01-04', 'Yes'),
(184, 148, 'Khijado', 4, 7.05, '2020-09-20', 'No'),
(185, 149, 'Gando Baval', 5, 7.70, '2019-06-06', 'Yes'),
(186, 150, 'Jamphal', 3, 8.55, '2021-11-22', 'No'),
(187, 151, 'Kanak Champo', 4, 11.10, '2020-08-08', 'Yes'),
(188, 152, 'Pilu', 2, 6.45, '2022-04-24', 'No'),
(189, 153, 'Rato-Sarasdo', 5, 14.35, '2019-01-10', 'Yes'),
(190, 154, 'Aritha', 3, 9.90, '2021-05-28', 'No'),
(191, 155, 'Kashid', 4, 8.00, '2020-12-14', 'Yes'),
(192, 156, 'Spathodea', 6, 12.65, '2018-07-30', 'No'),
(193, 157, 'Harero', 2, 6.75, '2022-02-15', 'Yes'),
(194, 158, 'Jangli Badam', 3, 11.30, '2021-09-01', 'No'),
(195, 159, 'Mahagony', 4, 14.05, '2020-05-18', 'Yes'),
(196, 160, 'Jambu', 5, 10.40, '2019-10-04', 'No'),
(197, 161, 'Tabebuia Aurea', 3, 9.65, '2021-06-20', 'Yes'),
(198, 162, 'Tabebuia Rosea', 4, 8.90, '2020-03-06', 'No'),
(199, 163, 'Khati Amali', 2, 12.95, '2022-11-22', 'Yes'),
(200, 164, 'Ragat Rohida', 5, 7.55, '2019-08-08', 'No') ,
(201, 165, 'Arjun Sadad', 3, 11.80, '2021-04-16', 'Yes'),
(202, 166, 'Baheda', 4, 9.45, '2020-01-02', 'No'),
(203, 167, 'Desi Badam', 6, 10.70, '2018-06-18', 'Yes'),
(204, 168, 'Harde', 2, 9.10, '2022-09-04', 'No'),
(205, 169, 'Paras Piplo', 3, 7.85, '2021-12-20', 'Yes'),
(206, 170, 'Nagod', 4, 7.00, '2020-10-06', 'No'),
(207, 171, 'Bougainvillea', 5, 3.65, '2019-02-22', 'Yes'),
(208, 172, 'Hemalia', 3, 4.35, '2021-08-08', 'No'),
(209, 173, 'Jacaranda', 4, 8.75, '2020-05-24', 'Yes'),
(210, 174, 'Jatropha', 2, 5.90, '2022-01-10', 'No'),
(211, 175, 'Pavetta', 5, 5.05, '2019-07-26', 'Yes'),
(212, 176, 'Tagar', 3, 5.50, '2021-03-14', 'No'),
(213, 177, 'Tecoma', 4, 6.30, '2020-11-30', 'Yes'),
(214, 178, 'Ketki', 6, 2.95, '2018-04-16', 'No'),
(215, 179, 'Bamboo', 2, 15.55, '2022-12-02', 'Yes'),
(216, 180, 'Bengali Babool', 3, 12.20, '2021-07-18', 'No'),
(217, 181, 'Khair', 4, 9.35, '2020-02-04', 'Yes'),
(218, 182, 'Safed Babul', 5, 8.75, '2019-10-20', 'No'),
(219, 183, 'Desi Babul', 3, 12.60, '2021-05-06', 'Yes'),
(220, 184, 'Billi Patra', 4, 7.80, '2020-12-22', 'No'),
(221, 185, 'Arduso', 2, 9.95, '2022-08-08', 'Yes'),
(222, 186, 'Kalo Siras', 5, 13.85, '2019-01-24', 'No'),
(223, 187, 'Saptparni', 3, 10.40, '2021-09-10', 'Yes'),
(224, 188, 'Sitaphal', 4, 6.10, '2020-06-26', 'No'),
(225, 189, 'Limbdo', 6, 14.45, '2018-11-12', 'Yes'),
(226, 190, 'Ingoriya', 2, 7.55, '2022-03-28', 'No'),
(227, 191, 'Kanchanar', 3, 9.00, '2021-11-14', 'Yes'),
(228, 192, 'Yellow Bauhinia', 4, 6.85, '2020-08-30', 'No'),
(229, 193, 'Bismarckia', 5, 16.65, '2019-04-16', 'Yes'),
(230, 194, 'Shimalo', 3, 19.35, '2021-01-02', 'No'),
(231, 195, 'Kesudo', 4, 8.30, '2020-09-18', 'Yes'),
(232, 196, 'Dwarf Gulmohar', 2, 8.05, '2022-06-04', 'No'),
(233, 197, 'Powder Crop', 5, 5.75, '2019-12-20', 'Yes'),
(234, 198, 'Australian Bottle Brush', 3, 8.60, '2021-08-06', 'No'),
(235, 199, 'Karamda', 4, 9.25, '2020-04-22', 'Yes'),
(236, 200, 'Shivjata', 6, 13.00, '2018-09-08', 'No'),
(237, 201, 'Yellow Karen', 2, 6.40, '2022-05-24', 'Yes'),
(238, 202, 'Garmalo', 3, 11.55, '2021-12-10', 'No'),
(239, 203, 'Pink Cassia', 4, 8.90, '2020-07-26', 'Yes'),
(240, 204, 'Kapok', 5, 18.75, '2019-03-14', 'No'),
(241, 205, 'Mosambi', 3, 7.65, '2021-10-30', 'Yes'),
(242, 206, 'Limbu', 4, 7.10, '2020-01-16', 'No'),
(243, 207, 'Arni', 2, 9.35, '2022-09-02', 'Yes'),
(244, 208, 'Gundo', 5, 8.80, '2019-05-18', 'No'),
(245, 209, 'Lal Lasora', 3, 7.45, '2021-02-04', 'Yes'),
(246, 210, 'Kailash Pati', 4, 16.30, '2020-10-20', 'No'),
(247, 211, 'Dalbergia', 6, 10.95, '2018-06-06', 'Yes'),
(248, 212, 'Sisoo', 2, 12.70, '2022-02-22', 'No'),
(249, 213, 'Gulmohar', 3, 10.10, '2021-07-08', 'Yes'),
(250, 214, 'Putranjiva', 4, 8.55, '2020-03-24', 'No'),
(251, 215, 'Oil Palm', 5, 17.40, '2019-11-10', 'Yes'),
(252, 216, 'Amla', 3, 8.00, '2021-04-26', 'No'),
(253, 217, 'Pangaro', 4, 11.85, '2020-12-12', 'Yes'),
(254, 218, 'Fatsia Polycarpa', 2, 14.50, '2022-07-28', 'No'),
(255, 219, 'Vad', 5, 20.25, '2019-02-14', 'Yes'),
(256, 220, 'Benjamina', 3, 9.05, '2021-09-30', 'No'),
(257, 221, 'Ficus Longifolia', 4, 10.60, '2020-06-16', 'Yes'),
(258, 222, 'Nandrak Vad', 6, 17.95, '2018-12-02', 'No'),
(259, 223, 'Umro', 2, 15.40, '2022-04-18', 'Yes'),
(260, 224, 'Piplo', 3, 17.05, '2021-11-04', 'No'),
(261, 225, 'Gliricidia', 4, 7.30, '2020-08-20', 'Yes'),
(262, 226, 'Sevan', 5, 12.75, '2019-01-06', 'No'),
(263, 227, 'Silver Oak', 3, 12.10, '2021-06-22', 'Yes'),
(264, 228, 'Hippomane', 4, 9.50, '2020-02-08', 'No'),
(265, 229, 'Indrajau', 2, 8.85, '2022-10-24', 'Yes'),
(266, 230, 'Kanji', 5, 7.70, '2019-07-12', 'No'),
(267, 231, 'Cucumber Tree', 3, 10.95, '2021-03-28', 'Yes'),
(268, 232, 'Bondaro', 4, 13.30, '2020-11-14', 'No'),
(269, 233, 'Fan Palm', 6, 15.85, '2018-05-30', 'Yes'),
(270, 234, 'Subabul', 2, 7.05, '2022-01-16', 'No'),
(271, 235, 'Kothi', 3, 8.40, '2021-08-02', 'Yes'),
(272, 236, 'Livistonia Mariea', 4, 15.20, '2020-04-18', 'No'),
(273, 237, 'Mahudo', 5, 13.55, '2019-12-04', 'Yes'),
(274, 238, 'Champo', 3, 12.00, '2021-05-20', 'No'),
(275, 239, 'Ambo', 4, 19.40, '2020-01-06', 'Yes'),
(276, 240, 'Rayan', 2, 9.95, '2022-09-22', 'No'),
(277, 241, 'Bakan Neem', 5, 8.20, '2019-06-08', 'Yes'),
(278, 242, 'Nimbara', 3, 8.85, '2021-12-24', 'No'),
(279, 243, 'Borsalli', 4, 10.70, '2020-09-10', 'Yes'),
(280, 244, 'Kalam', 6, 12.35, '2018-03-26', 'No'),
(281, 245, 'Mitho Limdo', 2, 5.50, '2022-11-12', 'Yes'),
(282, 246, 'Kunti', 3, 6.75, '2021-07-28', 'No'),
(283, 247, 'Kadam', 4, 16.60, '2020-05-14', 'Yes'),
(284, 248, 'Parijat', 5, 9.30, '2019-10-30', 'No'),
(285, 249, 'Parkia', 3, 13.05, '2021-02-16', 'Yes'),
(286, 250, 'Sonmohor', 4, 11.90, '2020-10-02', 'No'),
(287, 251, 'Khajuri', 2, 13.95, '2022-06-18', 'Yes'),
(288, 252, 'Mithi Ambali', 5, 7.55, '2019-09-04', 'No'),
(289, 253, 'Asopalav', 3, 10.20, '2021-04-20', 'Yes'),
(290, 254, 'Karanj', 4, 8.45, '2020-12-06', 'No'),
(291, 255, 'Khijado', 6, 7.20, '2018-08-22', 'Yes'),
(292, 256, 'Gando Baval', 2, 7.85, '2022-03-10', 'No'),
(293, 257, 'Jamphal', 3, 8.70, '2021-10-26', 'Yes'),
(294, 258, 'Kanak Champo', 4, 11.25, '2020-07-12', 'No'),
(295, 259, 'Pilu', 5, 6.60, '2019-04-28', 'Yes'),
(296, 260, 'Rato-Sarasdo', 3, 14.50, '2021-11-14', 'No'),
(297, 261, 'Aritha', 4, 10.05, '2020-08-30', 'Yes'),
(298, 262, 'Kashid', 2, 8.15, '2022-05-16', 'No'),
(299, 263, 'Spathodea', 5, 12.80, '2019-01-02', 'Yes'),
(300, 264, 'Harero', 3, 6.90, '2021-06-18', 'No');



INSERT INTO Flower_Type (Type, Shelf_Life, Selling_Price) VALUES
('Annual', 5, 4.50),
('Perennial', 8, 7.00),
('Biennial', 6, 5.50),
('Seasonal', 4, 6.00),
('Ornamental', 7, 8.50),
('Fragrant', 3, 12.00),
('Cut Flower', 5, 10.00);



INSERT INTO Flowers (Flower_Name, Gardening_Staff, Manager_ID, Type, Colour, Fragrance, Quantity) VALUES
('Champo', 1, 1, 'Fragrant', 'Yellow', 'Strong', 150),
('Mogro', 3, 2, 'Fragrant', 'White', 'Strong', 200),
('Gulad', 43, 3, 'Fragrant', 'Red', 'Strong', 180),
('Desi Gulab', 45, 4, 'Fragrant', 'Pink', 'Strong', 220),
('Jui', 85, 5, 'Fragrant', 'White', 'Strong', 160),
('Jasud', 87, 6, 'Fragrant', 'White', 'Strong', 190),
('Rajnigandha', 127, 7, 'Fragrant', 'White', 'Strong', 140),
('Kaner', 129, 8, 'Ornamental', 'Pink', 'Mild', 300),
('Genda', 169, 9, 'Annual', 'Orange', 'Mild', 250),
('Aboli', 171, 10, 'Perennial', 'Red', 'None', 180),
('Parijat', 211, 11, 'Fragrant', 'White', 'Strong', 120),
('Shevanti', 213, 12, 'Seasonal', 'Yellow', 'Mild', 200),
('Kadamb', 253, 13, 'Fragrant', 'Yellow', 'Strong', 110),
('Bakul', 255, 14, 'Fragrant', 'White', 'Strong', 130),
('Harsingar', 295, 15, 'Fragrant', 'White', 'Strong', 100),
('Raat Rani', 297, 16, 'Fragrant', 'White', 'Strong', 90),
('Kewda', 337, 17, 'Fragrant', 'White', 'Strong', 80),
('Chameli', 339, 18, 'Fragrant', 'White', 'Strong', 170),
('Bela', 379, 19, 'Fragrant', 'White', 'Strong', 160),
('Kanher', 381, 20, 'Ornamental', 'White', 'Mild', 280),
('Galgoto', 1, 21, 'Ornamental', 'Red', 'None', 320),
('Sadabahar', 3, 22, 'Perennial', 'Pink', 'None', 400),
('Aparajita', 43, 23, 'Perennial', 'Blue', 'None', 350),
('Kohinoor', 45, 24, 'Annual', 'Purple', 'None', 270),
('Chandni', 85, 25, 'Fragrant', 'White', 'Strong', 150);



INSERT INTO Sales_Header (Transaction_ID, Date, Customer_ID, Manager_ID, Total_Amount, Payment_Method) VALUES
(1, '2024-11-20', 1, 1, 1250.00, 'UPI'),
(2, '2024-10-15', 2, 2, 850.00, 'Cash'),
(3, '2024-12-01', 3, 3, 2100.00, 'Card'),
(4, '2024-11-28', 4, 4, 750.00, 'Net Banking'),
(5, '2024-11-15', 5, 5, 1800.00, 'UPI'),
(6, '2024-12-05', 6, 6, 950.00, 'Cash'),
(7, '2024-10-22', 7, 7, 1400.00, 'Card'),
(8, '2024-11-18', 8, 8, 680.00, 'UPI'),
(9, '2024-12-02', 9, 9, 2250.00, 'Net Banking'),
(10, '2024-11-25', 10, 10, 1100.00, 'Cash'),
(11, '2024-10-30', 11, 11, 1650.00, 'Card'),
(12, '2024-12-08', 12, 12, 890.00, 'UPI'),
(13, '2024-11-12', 13, 13, 1320.00, 'Cash'),
(14, '2024-12-03', 14, 14, 2400.00, 'Net Banking'),
(15, '2024-11-20', 15, 15, 780.00, 'Card'),
(16, '2024-12-01', 16, 16, 1950.00, 'UPI'),
(17, '2024-11-28', 17, 17, 1150.00, 'Cash'),
(18, '2024-12-05', 18, 18, 1480.00, 'Card'),
(19, '2024-11-30', 19, 19, 920.00, 'Net Banking'),
(20, '2024-12-07', 20, 20, 2100.00, 'UPI'),
(21, '2024-11-22', 21, 21, 650.00, 'Cash'),
(22, '2024-10-28', 22, 22, 1750.00, 'Card'),
(23, '2024-12-04', 23, 23, 1200.00, 'UPI'),
(24, '2024-11-16', 24, 24, 980.00, 'Net Banking'),
(25, '2024-12-06', 25, 25, 1580.00, 'Cash'),
(26, '2024-10-20', 26, 1, 840.00, 'Card'),
(27, '2024-11-24', 27, 2, 1920.00, 'UPI'),
(28, '2024-12-02', 28, 3, 720.00, 'Cash'),
(29, '2024-11-18', 29, 4, 1350.00, 'Net Banking'),
(30, '2024-10-25', 30, 5, 1080.00, 'Card'),
(31, '2024-12-08', 31, 6, 2200.00, 'UPI'),
(32, '2024-11-14', 32, 7, 760.00, 'Cash'),
(33, '2024-12-01', 33, 8, 1450.00, 'Card'),
(34, '2024-11-27', 34, 9, 950.00, 'Net Banking'),
(35, '2024-10-30', 35, 10, 1680.00, 'UPI'),
(36, '2024-12-05', 36, 11, 890.00, 'Cash'),
(37, '2024-11-20', 37, 12, 1250.00, 'Card'),
(38, '2024-12-03', 38, 13, 1520.00, 'UPI'),
(39, '2024-11-28', 39, 14, 780.00, 'Net Banking'),
(40, '2024-12-07', 40, 15, 2050.00, 'Cash'),
(41, '2024-11-19', 41, 16, 1180.00, 'Card'),
(42, '2024-10-26', 42, 17, 920.00, 'UPI'),
(43, '2024-12-04', 43, 18, 1750.00, 'Cash'),
(44, '2024-11-15', 44, 19, 680.00, 'Net Banking'),
(45, '2024-12-06', 45, 20, 1980.00, 'Card'),
(46, '2024-10-22', 46, 21, 850.00, 'UPI'),
(47, '2024-11-25', 47, 22, 1420.00, 'Cash'),
(48, '2024-12-02', 48, 23, 1050.00, 'Card'),
(49, '2024-11-18', 49, 24, 1650.00, 'Net Banking'),
(50, '2024-10-28', 50, 25, 790.00, 'UPI'),
(51, '2024-12-08', 51, 1, 2300.00, 'Cash'),
(52, '2024-11-12', 52, 2, 940.00, 'Card'),
(53, '2024-12-01', 53, 3, 1380.00, 'UPI'),
(54, '2024-11-26', 54, 4, 1120.00, 'Net Banking'),
(55, '2024-10-31', 55, 5, 1850.00, 'Cash'),
(56, '2024-12-05', 56, 6, 720.00, 'Card'),
(57, '2024-11-21', 57, 7, 1590.00, 'UPI'),
(58, '2024-12-03', 58, 8, 980.00, 'Cash'),
(59, '2024-11-29', 59, 9, 1280.00, 'Net Banking'),
(60, '2024-12-07', 60, 10, 2150.00, 'Card'),
(61, '2024-11-17', 61, 11, 860.00, 'UPI'),
(62, '2024-10-24', 62, 12, 1470.00, 'Cash'),
(63, '2024-12-04', 63, 13, 1200.00, 'Card'),
(64, '2024-11-13', 64, 14, 750.00, 'Net Banking'),
(65, '2024-12-06', 65, 15, 1920.00, 'UPI'),
(66, '2024-10-20', 66, 16, 680.00, 'Cash'),
(67, '2024-11-23', 67, 17, 1540.00, 'Card'),
(68, '2024-12-02', 68, 18, 1080.00, 'UPI'),
(69, '2024-11-16', 69, 19, 1750.00, 'Net Banking'),
(70, '2024-10-27', 70, 20, 920.00, 'Cash'),
(71, '2024-12-08', 71, 21, 2400.00, 'Card'),
(72, '2024-11-11', 72, 22, 780.00, 'UPI'),
(73, '2024-12-01', 73, 23, 1350.00, 'Cash'),
(74, '2024-11-24', 74, 24, 1150.00, 'Net Banking'),
(75, '2024-10-29', 75, 25, 1680.00, 'Card'),
(76, '2024-12-05', 76, 1, 890.00, 'UPI'),
(77, '2024-11-19', 77, 2, 1250.00, 'Cash'),
(78, '2024-12-03', 78, 3, 1520.00, 'Card'),
(79, '2024-11-27', 79, 4, 780.00, 'Net Banking'),
(80, '2024-12-07', 80, 5, 2050.00, 'UPI'),
(81, '2024-11-16', 81, 6, 1180.00, 'Cash'),
(82, '2024-10-23', 82, 7, 920.00, 'Card'),
(83, '2024-12-04', 83, 8, 1750.00, 'UPI'),
(84, '2024-11-12', 84, 9, 680.00, 'Net Banking'),
(85, '2024-12-06', 85, 10, 1980.00, 'Cash'),
(86, '2024-10-21', 86, 11, 850.00, 'Card'),
(87, '2024-11-22', 87, 12, 1420.00, 'UPI'),
(88, '2024-12-02', 88, 13, 1050.00, 'Cash'),
(89, '2024-11-15', 89, 14, 1650.00, 'Net Banking'),
(90, '2024-10-26', 90, 15, 790.00, 'Card'),
(91, '2024-12-08', 91, 16, 2300.00, 'UPI'),
(92, '2024-11-10', 92, 17, 940.00, 'Cash'),
(93, '2024-12-01', 93, 18, 1380.00, 'Card'),
(94, '2024-11-23', 94, 19, 1120.00, 'Net Banking'),
(95, '2024-10-30', 95, 20, 1850.00, 'UPI'),
(96, '2024-12-05', 96, 21, 720.00, 'Cash'),
(97, '2024-11-18', 97, 22, 1590.00, 'Card'),
(98, '2024-12-03', 98, 23, 980.00, 'UPI'),
(99, '2024-11-26', 99, 24, 1280.00, 'Net Banking'),
(100, '2024-12-07', 100, 25, 2150.00, 'Cash'),
(101, '2024-11-14', 101, 1, 860.00, 'Card'),
(102, '2024-10-22', 102, 2, 1470.00, 'UPI'),
(103, '2024-12-04', 103, 3, 1200.00, 'Cash'),
(104, '2024-11-11', 104, 4, 750.00, 'Net Banking'),
(105, '2024-12-06', 105, 5, 1920.00, 'Card'),
(106, '2024-10-19', 106, 6, 680.00, 'UPI'),
(107, '2024-11-21', 107, 7, 1540.00, 'Cash'),
(108, '2024-12-02', 108, 8, 1080.00, 'Card'),
(109, '2024-11-14', 109, 9, 1750.00, 'Net Banking'),
(110, '2024-10-25', 110, 10, 920.00, 'UPI'),
(111, '2024-12-08', 111, 11, 2400.00, 'Cash'),
(112, '2024-11-09', 112, 12, 780.00, 'Card'),
(113, '2024-12-01', 113, 13, 1350.00, 'UPI'),
(114, '2024-11-22', 114, 14, 1150.00, 'Cash'),
(115, '2024-10-28', 115, 15, 1680.00, 'Net Banking'),
(116, '2024-12-05', 116, 16, 890.00, 'Card'),
(117, '2024-11-17', 117, 17, 1250.00, 'UPI'),
(118, '2024-12-03', 118, 18, 1520.00, 'Cash'),
(119, '2024-11-25', 119, 19, 780.00, 'Card'),
(120, '2024-12-07', 120, 20, 2050.00, 'Net Banking'),
(121, '2024-09-15', 1, 21, 950.00, 'UPI'),
(122, '2024-08-20', 5, 22, 1200.00, 'Cash'),
(123, '2024-07-10', 12, 23, 850.00, 'Card'),
(124, '2024-06-25', 18, 24, 1450.00, 'Net Banking'),
(125, '2024-05-30', 25, 25, 780.00, 'UPI'),
(126, '2024-04-15', 32, 1, 1680.00, 'Cash'),
(127, '2024-03-20', 45, 2, 920.00, 'Card'),
(128, '2024-02-28', 58, 3, 1750.00, 'UPI'),
(129, '2024-01-12', 67, 4, 680.00, 'Net Banking'),
(130, '2023-12-18', 74, 5, 1980.00, 'Cash'),
(131, '2023-11-25', 81, 6, 850.00, 'Card'),
(132, '2023-10-30', 89, 7, 1420.00, 'UPI'),
(133, '2023-09-15', 96, 8, 1050.00, 'Cash'),
(134, '2023-08-22', 103, 9, 1650.00, 'Net Banking'),
(135, '2023-07-10', 110, 10, 790.00, 'Card'),
(136, '2024-11-05', 3, 11, 1850.00, 'UPI'),
(137, '2024-10-18', 15, 12, 720.00, 'Cash'),
(138, '2024-09-22', 28, 13, 1590.00, 'Card'),
(139, '2024-08-14', 41, 14, 980.00, 'UPI'),
(140, '2024-07-28', 54, 15, 1280.00, 'Net Banking'),
(141, '2024-06-12', 66, 16, 2150.00, 'Cash'),
(142, '2024-05-25', 78, 17, 860.00, 'Card'),
(143, '2024-04-08', 91, 18, 1470.00, 'UPI'),
(144, '2024-03-15', 104, 19, 1200.00, 'Cash'),
(145, '2024-02-20', 117, 20, 750.00, 'Net Banking'),
(146, '2024-01-25', 7, 21, 1920.00, 'Card'),
(147, '2023-12-30', 19, 22, 680.00, 'UPI'),
(148, '2023-11-15', 31, 23, 1540.00, 'Cash'),
(149, '2023-10-20', 43, 24, 1080.00, 'Card'),
(150, '2023-09-25', 55, 25, 1750.00, 'Net Banking'),
(151, '2024-10-12', 9, 1, 920.00, 'UPI'),
(152, '2024-09-18', 22, 2, 2400.00, 'Cash'),
(153, '2024-08-25', 35, 3, 780.00, 'Card'),
(154, '2024-07-30', 48, 4, 1350.00, 'UPI'),
(155, '2024-06-15', 61, 5, 1150.00, 'Net Banking'),
(156, '2024-05-20', 73, 6, 1680.00, 'Cash'),
(157, '2024-04-25', 86, 7, 890.00, 'Card'),
(158, '2024-03-30', 99, 8, 1250.00, 'UPI'),
(159, '2024-02-15', 112, 9, 1520.00, 'Cash'),
(160, '2024-01-20', 2, 10, 780.00, 'Net Banking'),
(161, '2023-12-25', 14, 11, 2050.00, 'Card'),
(162, '2023-11-30', 27, 12, 1180.00, 'UPI'),
(163, '2023-10-15', 40, 13, 920.00, 'Cash'),
(164, '2023-09-20', 52, 14, 1750.00, 'Card'),
(165, '2023-08-25', 65, 15, 680.00, 'Net Banking'),
(166, '2024-11-10', 77, 16, 1980.00, 'UPI'),
(167, '2024-10-15', 90, 17, 850.00, 'Cash'),
(168, '2024-09-20', 102, 18, 1420.00, 'Card'),
(169, '2024-08-25', 115, 19, 1050.00, 'UPI'),
(170, '2024-07-30', 8, 20, 1650.00, 'Net Banking'),
(171, '2024-06-20', 21, 21, 790.00, 'Cash'),
(172, '2024-05-25', 34, 22, 2300.00, 'Card'),
(173, '2024-04-30', 47, 23, 940.00, 'UPI'),
(174, '2024-03-25', 60, 24, 1380.00, 'Cash'),
(175, '2024-02-28', 72, 25, 1120.00, 'Net Banking'),
(176, '2024-01-15', 85, 1, 1850.00, 'Card'),
(177, '2023-12-20', 98, 2, 720.00, 'UPI'),
(178, '2023-11-25', 111, 3, 1590.00, 'Cash'),
(179, '2023-10-30', 4, 4, 980.00, 'Card'),
(180, '2023-09-15', 17, 5, 1280.00, 'Net Banking'),
(181, '2024-10-08', 30, 6, 2150.00, 'UPI'),
(182, '2024-09-12', 42, 7, 860.00, 'Cash'),
(183, '2024-08-18', 56, 8, 1470.00, 'Card'),
(184, '2024-07-22', 69, 9, 1200.00, 'UPI'),
(185, '2024-06-28', 82, 10, 750.00, 'Net Banking'),
(186, '2024-05-15', 95, 11, 1920.00, 'Cash'),
(187, '2024-04-20', 108, 12, 680.00, 'Card'),
(188, '2024-03-25', 1, 13, 1540.00, 'UPI'),
(189, '2024-02-18', 13, 14, 1080.00, 'Cash'),
(190, '2024-01-22', 26, 15, 1750.00, 'Net Banking'),
(191, '2023-12-15', 39, 16, 920.00, 'Card'),
(192, '2023-11-20', 51, 17, 2400.00, 'UPI'),
(193, '2023-10-25', 64, 18, 780.00, 'Cash'),
(194, '2023-09-30', 76, 19, 1350.00, 'Card'),
(195, '2023-08-15', 88, 20, 1150.00, 'Net Banking'),
(196, '2024-09-05', 100, 21, 1680.00, 'UPI'),
(197, '2024-08-10', 113, 22, 890.00, 'Cash'),
(198, '2024-07-15', 6, 23, 1250.00, 'Card'),
(199, '2024-06-20', 18, 24, 1520.00, 'UPI'),
(200, '2024-05-25', 29, 25, 780.00, 'Net Banking'),
(201, '2024-04-12', 44, 1, 2050.00, 'Cash'),
(202, '2024-03-18', 57, 2, 1180.00, 'Card'),
(203, '2024-02-22', 70, 3, 920.00, 'UPI'),
(204, '2024-01-28', 83, 4, 1750.00, 'Cash'),
(205, '2023-12-10', 96, 5, 680.00, 'Net Banking'),
(206, '2024-08-05', 109, 6, 1980.00, 'Card'),
(207, '2024-07-10', 2, 7, 850.00, 'UPI'),
(208, '2024-06-15', 15, 8, 1420.00, 'Cash'),
(209, '2024-05-20', 28, 9, 1050.00, 'Card'),
(210, '2024-04-25', 41, 10, 1650.00, 'Net Banking'),
(211, '2024-03-12', 54, 11, 790.00, 'UPI'),
(212, '2024-02-16', 67, 12, 2300.00, 'Cash'),
(213, '2024-01-20', 80, 13, 940.00, 'Card'),
(214, '2023-12-25', 93, 14, 1380.00, 'UPI'),
(215, '2023-11-10', 106, 15, 1120.00, 'Net Banking'),
(216, '2024-07-05', 119, 16, 1850.00, 'Cash'),
(217, '2024-06-10', 12, 17, 720.00, 'Card'),
(218, '2024-05-15', 25, 18, 1590.00, 'UPI'),
(219, '2024-04-20', 38, 19, 980.00, 'Cash'),
(220, '2024-03-25', 50, 20, 1280.00, 'Net Banking'),
(221, '2024-02-12', 63, 21, 2150.00, 'Card'),
(222, '2024-01-18', 75, 22, 860.00, 'UPI'),
(223, '2023-12-20', 87, 23, 1470.00, 'Cash'),
(224, '2023-11-25', 101, 24, 1200.00, 'Card'),
(225, '2023-10-15', 114, 25, 750.00, 'Net Banking');




INSERT INTO Sales_Details (Transaction_ID, Item_Type, Fertilizer_Name, Flower_Name, Quantity_Sold) VALUES
(1, 'Fertilizer', 'Vermicompost', NULL, 50),
(2, 'Flower', NULL, 'Champo', 25),
(3, 'Both', 'Leaf Mold', 'Mogro', 30),
(4, 'Fertilizer', 'Kitchen Waste Compost', NULL, 40),
(5, 'Flower', NULL, 'Gulad', 35),
(6, 'Both', 'Garden Waste Fertilizer', 'Desi Gulab', 45),
(7, 'Fertilizer', 'Bio-compost', NULL, 25),
(8, 'Flower', NULL, 'Jui', 20),
(9, 'Both', 'Organic Mix', 'Jasud', 55),
(10, 'Fertilizer', 'Green Fertilizer', NULL, 35),
(11, 'Flower', NULL, 'Rajnigandha', 30),
(12, 'Both', 'Eco-fertilizer', 'Kaner', 40),
(13, 'Fertilizer', 'Organic Manure', NULL, 60),
(14, 'Flower', NULL, 'Genda', 45),
(15, 'Both', 'Plant Waste Compost', 'Aboli', 25),
(16, 'Fertilizer', 'Natural Fertilizer', NULL, 50),
(17, 'Flower', NULL, 'Parijat', 20),
(18, 'Both', 'Sustainable Compost', 'Shevanti', 35),
(19, 'Fertilizer', 'Green Waste Mix', NULL, 40),
(20, 'Flower', NULL, 'Kadamb', 15),
(21, 'Both', 'Vermicompost', 'Bakul', 30),
(22, 'Fertilizer', 'Leaf Mold', NULL, 45),
(23, 'Flower', NULL, 'Harsingar', 25),
(24, 'Both', 'Kitchen Waste Compost', 'Raat Rani', 20),
(25, 'Fertilizer', 'Garden Waste Fertilizer', NULL, 55),
(26, 'Flower', NULL, 'Kewda', 18),
(27, 'Both', 'Bio-compost', 'Chameli', 40),
(28, 'Fertilizer', 'Organic Mix', NULL, 35),
(29, 'Flower', NULL, 'Bela', 30),
(30, 'Both', 'Green Fertilizer', 'Kanher', 25),
(31, 'Fertilizer', 'Eco-fertilizer', NULL, 50),
(32, 'Flower', NULL, 'Galgoto', 60),
(33, 'Both', 'Organic Manure', 'Sadabahar', 45),
(34, 'Fertilizer', 'Plant Waste Compost', NULL, 40),
(35, 'Flower', NULL, 'Aparajita', 55),
(36, 'Both', 'Natural Fertilizer', 'Kohinoor', 35),
(37, 'Fertilizer', 'Sustainable Compost', NULL, 30),
(38, 'Flower', NULL, 'Chandni', 25),
(39, 'Both', 'Green Waste Mix', 'Champo', 20),
(40, 'Fertilizer', 'Vermicompost', NULL, 45),
(41, 'Flower', NULL, 'Mogro', 40),
(42, 'Both', 'Leaf Mold', 'Gulad', 30),
(43, 'Fertilizer', 'Kitchen Waste Compost', NULL, 50),
(44, 'Flower', NULL, 'Desi Gulab', 35),
(45, 'Both', 'Garden Waste Fertilizer', 'Jui', 25),
(46, 'Fertilizer', 'Bio-compost', NULL, 20),
(47, 'Flower', NULL, 'Jasud', 45),
(48, 'Both', 'Organic Mix', 'Rajnigandha', 30),
(49, 'Fertilizer', 'Green Fertilizer', NULL, 40),
(50, 'Flower', NULL, 'Kaner', 55),
(51, 'Both', 'Eco-fertilizer', 'Genda', 35),
(52, 'Fertilizer', 'Organic Manure', NULL, 50),
(53, 'Flower', NULL, 'Aboli', 25),
(54, 'Both', 'Plant Waste Compost', 'Parijat', 20),
(55, 'Fertilizer', 'Natural Fertilizer', NULL, 45),
(56, 'Flower', NULL, 'Shevanti', 30),
(57, 'Both', 'Sustainable Compost', 'Kadamb', 15),
(58, 'Fertilizer', 'Green Waste Mix', NULL, 40),
(59, 'Flower', NULL, 'Bakul', 25),
(60, 'Both', 'Vermicompost', 'Harsingar', 20),
(61, 'Fertilizer', 'Leaf Mold', NULL, 35),
(62, 'Flower', NULL, 'Raat Rani', 18),
(63, 'Both', 'Kitchen Waste Compost', 'Kewda', 15),
(64, 'Fertilizer', 'Garden Waste Fertilizer', NULL, 50),
(65, 'Flower', NULL, 'Chameli', 40),
(66, 'Both', 'Bio-compost', 'Bela', 25),
(67, 'Fertilizer', 'Organic Mix', NULL, 45),
(68, 'Flower', NULL, 'Kanher', 60),
(69, 'Both', 'Green Fertilizer', 'Galgoto', 35),
(70, 'Fertilizer', 'Eco-fertilizer', NULL, 30),
(71, 'Flower', NULL, 'Sadabahar', 70),
(72, 'Both', 'Organic Manure', 'Aparajita', 40),
(73, 'Fertilizer', 'Plant Waste Compost', NULL, 35),
(74, 'Flower', NULL, 'Kohinoor', 45),
(75, 'Both', 'Natural Fertilizer', 'Chandni', 25),
(76, 'Fertilizer', 'Sustainable Compost', NULL, 30),
(77, 'Flower', NULL, 'Champo', 20),
(78, 'Both', 'Green Waste Mix', 'Mogro', 35),
(79, 'Fertilizer', 'Vermicompost', NULL, 40),
(80, 'Flower', NULL, 'Gulad', 30),
(81, 'Both', 'Leaf Mold', 'Desi Gulab', 45),
(82, 'Fertilizer', 'Kitchen Waste Compost', NULL, 25),
(83, 'Flower', NULL, 'Jui', 35),
(84, 'Both', 'Garden Waste Fertilizer', 'Jasud', 20),
(85, 'Fertilizer', 'Bio-compost', NULL, 15),
(86, 'Flower', NULL, 'Rajnigandha', 25),
(87, 'Both', 'Organic Mix', 'Kaner', 50),
(88, 'Fertilizer', 'Green Fertilizer', NULL, 35),
(89, 'Flower', NULL, 'Genda', 40),
(90, 'Both', 'Eco-fertilizer', 'Aboli', 30),
(91, 'Fertilizer', 'Organic Manure', NULL, 55),
(92, 'Flower', NULL, 'Parijat', 15),
(93, 'Both', 'Plant Waste Compost', 'Shevanti', 35),
(94, 'Fertilizer', 'Natural Fertilizer', NULL, 40),
(95, 'Flower', NULL, 'Kadamb', 20),
(96, 'Both', 'Sustainable Compost', 'Bakul', 25),
(97, 'Fertilizer', 'Green Waste Mix', NULL, 45),
(98, 'Flower', NULL, 'Harsingar', 18),
(99, 'Both', 'Vermicompost', 'Raat Rani', 15),
(100, 'Fertilizer', 'Leaf Mold', NULL, 30),
(101, 'Flower', NULL, 'Kewda', 12),
(102, 'Both', 'Kitchen Waste Compost', 'Chameli', 40),
(103, 'Fertilizer', 'Garden Waste Fertilizer', NULL, 50),
(104, 'Flower', NULL, 'Bela', 35),
(105, 'Both', 'Bio-compost', 'Kanher', 20),
(106, 'Fertilizer', 'Organic Mix', NULL, 45),
(107, 'Flower', NULL, 'Galgoto', 55),	
(108, 'Both', 'Green Fertilizer', 'Sadabahar', 30),
(109, 'Fertilizer', 'Eco-fertilizer', NULL, 35),
(110, 'Flower', NULL, 'Aparajita', 45),
(111, 'Both', 'Organic Manure', 'Kohinoor', 40),
(112, 'Fertilizer', 'Plant Waste Compost', NULL, 25),
(113, 'Flower', NULL, 'Chandni', 30),
(114, 'Both', 'Natural Fertilizer', 'Champo', 35),
(115, 'Fertilizer', 'Sustainable Compost', NULL, 20),
(116, 'Flower', NULL, 'Mogro', 45),
(117, 'Both', 'Green Waste Mix', 'Gulad', 25),
(118, 'Fertilizer', 'Vermicompost', NULL, 50),
(119, 'Flower', NULL, 'Desi Gulab', 40),
(120, 'Both', 'Leaf Mold', 'Jui', 30),
(121, 'Fertilizer', 'Kitchen Waste Compost', NULL, 35),
(122, 'Flower', NULL, 'Jasud', 25),
(123, 'Both', 'Garden Waste Fertilizer', 'Rajnigandha', 20),
(124, 'Fertilizer', 'Bio-compost', NULL, 15),
(125, 'Flower', NULL, 'Kaner', 60),
(126, 'Both', 'Organic Mix', 'Genda', 45),
(127, 'Fertilizer', 'Green Fertilizer', NULL, 40),
(128, 'Flower', NULL, 'Aboli', 30),
(129, 'Both', 'Eco-fertilizer', 'Parijat', 18),
(130, 'Fertilizer', 'Organic Manure', NULL, 50),
(131, 'Flower', NULL, 'Shevanti', 35),
(132, 'Both', 'Plant Waste Compost', 'Kadamb', 15),
(133, 'Fertilizer', 'Natural Fertilizer', NULL, 45),
(134, 'Flower', NULL, 'Bakul', 25),
(135, 'Both', 'Sustainable Compost', 'Harsingar', 20),
(136, 'Fertilizer', 'Green Waste Mix', NULL, 40),
(137, 'Flower', NULL, 'Raat Rani', 16),
(138, 'Both', 'Vermicompost', 'Kewda', 12),
(139, 'Fertilizer', 'Leaf Mold', NULL, 35),
(140, 'Flower', NULL, 'Chameli', 45),
(141, 'Both', 'Kitchen Waste Compost', 'Bela', 30),
(142, 'Fertilizer', 'Garden Waste Fertilizer', NULL, 55),
(143, 'Flower', NULL, 'Kanher', 50),
(144, 'Both', 'Bio-compost', 'Galgoto', 25),
(145, 'Fertilizer', 'Organic Mix', NULL, 40),
(146, 'Flower', NULL, 'Sadabahar', 65),
(147, 'Both', 'Green Fertilizer', 'Aparajita', 35),
(148, 'Fertilizer', 'Eco-fertilizer', NULL, 30),
(149, 'Flower', NULL, 'Kohinoor', 40),
(150, 'Both', 'Organic Manure', 'Chandni', 25),
(151, 'Fertilizer', 'Plant Waste Compost', NULL, 45),
(152, 'Flower', NULL, 'Champo', 30),
(153, 'Both', 'Natural Fertilizer', 'Mogro', 35),
(154, 'Fertilizer', 'Sustainable Compost', NULL, 25),
(155, 'Flower', NULL, 'Gulad', 40),
(156, 'Both', 'Green Waste Mix', 'Desi Gulab', 45),
(157, 'Fertilizer', 'Vermicompost', NULL, 35),
(158, 'Flower', NULL, 'Jui', 20),
(159, 'Both', 'Leaf Mold', 'Jasud', 30),
(160, 'Fertilizer', 'Kitchen Waste Compost', NULL, 40),
(161, 'Flower', NULL, 'Rajnigandha', 25),
(162, 'Both', 'Garden Waste Fertilizer', 'Kaner', 50),
(163, 'Fertilizer', 'Bio-compost', NULL, 20),
(164, 'Flower', NULL, 'Genda', 45),
(165, 'Both', 'Organic Mix', 'Aboli', 35),
(166, 'Fertilizer', 'Green Fertilizer', NULL, 30),
(167, 'Flower', NULL, 'Parijat', 18),
(168, 'Both', 'Eco-fertilizer', 'Shevanti', 40),
(169, 'Fertilizer', 'Organic Manure', NULL, 55),
(170, 'Flower', NULL, 'Kadamb', 15),
(171, 'Both', 'Plant Waste Compost', 'Bakul', 20),
(172, 'Fertilizer', 'Natural Fertilizer', NULL, 50),
(173, 'Flower', NULL, 'Harsingar', 22),
(174, 'Both', 'Sustainable Compost', 'Raat Rani', 14),
(175, 'Fertilizer', 'Green Waste Mix', NULL, 45),
(176, 'Flower', NULL, 'Kewda', 10),
(177, 'Both', 'Vermicompost', 'Chameli', 35),
(178, 'Fertilizer', 'Leaf Mold', NULL, 30),
(179, 'Flower', NULL, 'Bela', 40),
(180, 'Both', 'Kitchen Waste Compost', 'Kanher', 55),
(181, 'Fertilizer', 'Garden Waste Fertilizer', NULL, 60),
(182, 'Flower', NULL, 'Galgoto', 70),
(183, 'Both', 'Bio-compost', 'Sadabahar', 25),
(184, 'Fertilizer', 'Organic Mix', NULL, 45),
(185, 'Flower', NULL, 'Aparajita', 50),
(186, 'Both', 'Green Fertilizer', 'Kohinoor', 30),
(187, 'Fertilizer', 'Eco-fertilizer', NULL, 35),
(188, 'Flower', NULL, 'Chandni', 28),
(189, 'Both', 'Organic Manure', 'Champo', 40),
(190, 'Fertilizer', 'Plant Waste Compost', NULL, 25),
(191, 'Flower', NULL, 'Mogro', 35),
(192, 'Both', 'Natural Fertilizer', 'Gulad', 45),
(193, 'Fertilizer', 'Sustainable Compost', NULL, 30),
(194, 'Flower', NULL, 'Desi Gulab', 50),
(195, 'Both', 'Green Waste Mix', 'Jui', 20),
(196, 'Fertilizer', 'Vermicompost', NULL, 40),
(197, 'Flower', NULL, 'Jasud', 35),
(198, 'Both', 'Leaf Mold', 'Rajnigandha', 25),
(199, 'Fertilizer', 'Kitchen Waste Compost', NULL, 35),
(200, 'Flower', NULL, 'Kaner', 65),
(201, 'Both', 'Garden Waste Fertilizer', 'Genda', 40),
(202, 'Fertilizer', 'Bio-compost', NULL, 18),
(203, 'Flower', NULL, 'Aboli', 30),
(204, 'Both', 'Organic Mix', 'Parijat', 15),
(205, 'Fertilizer', 'Green Fertilizer', NULL, 45),
(206, 'Flower', NULL, 'Shevanti', 45),
(207, 'Both', 'Eco-fertilizer', 'Kadamb', 12),
(208, 'Fertilizer', 'Organic Manure', NULL, 50),
(209, 'Flower', NULL, 'Bakul', 28),
(210, 'Both', 'Plant Waste Compost', 'Harsingar', 18),
(211, 'Fertilizer', 'Natural Fertilizer', NULL, 40),
(212, 'Flower', NULL, 'Raat Rani', 12),
(213, 'Both', 'Sustainable Compost', 'Kewda', 8),
(214, 'Fertilizer', 'Green Waste Mix', NULL, 35),
(215, 'Flower', NULL, 'Chameli', 50),
(216, 'Both', 'Vermicompost', 'Bela', 25),
(217, 'Fertilizer', 'Leaf Mold', NULL, 25),
(218, 'Flower', NULL, 'Kanher', 60),
(219, 'Both', 'Kitchen Waste Compost', 'Galgoto', 55),
(220, 'Fertilizer', 'Garden Waste Fertilizer', NULL, 65),
(221, 'Flower', NULL, 'Sadabahar', 80),
(222, 'Both', 'Bio-compost', 'Aparajita', 30),
(223, 'Fertilizer', 'Organic Mix', NULL, 50),
(224, 'Flower', NULL, 'Kohinoor', 45),
(225, 'Both', 'Green Fertilizer', 'Chandni', 20);




INSERT INTO Customer (Customer_ID, Name, Email, Registered_Date, Last_Purchased_Date, City) VALUES
(1, 'Kiran Patel', 'kiran.patel@gmail.com', '2019-03-15', '2024-11-20', 'Ahmedabad'),
(2, 'Mehul Shah', 'mehul.shah@yahoo.com', '2019-06-22', '2024-10-15', 'Surat'),
(3, 'Priya Desai', 'priya.desai@gmail.com', '2020-01-10', '2024-12-01', 'Vadodara'),
(4, 'Ravi Joshi', 'ravi.joshi@hotmail.com', '2020-04-18', '2024-11-28', 'Rajkot'),
(5, 'Nisha Amin', 'nisha.amin@gmail.com', '2020-08-25', '2024-11-15', 'Gandhinagar'),
(6, 'Jayesh Thakkar', 'jayesh.thakkar@yahoo.com', '2021-02-14', '2024-12-05', 'Bhavnagar'),
(7, 'Kavita Modi', 'kavita.modi@gmail.com', '2021-05-30', '2024-10-22', 'Anand'),
(8, 'Hitesh Pandya', 'hitesh.pandya@gmail.com', '2021-09-12', '2024-11-18', 'Junagadh'),
(9, 'Pooja Vyas', 'pooja.vyas@hotmail.com', '2022-01-08', '2024-12-02', 'Morbi'),
(10, 'Ashok Trivedi', 'ashok.trivedi@yahoo.com', '2022-03-20', '2024-11-25', 'Nadiad'),
(11, 'Manisha Raval', 'manisha.raval@gmail.com', '2022-07-16', '2024-10-30', 'Palanpur'),
(12, 'Dipak Choksi', 'dipak.choksi@gmail.com', '2022-11-05', '2024-12-08', 'Vapi'),
(13, 'Rekha Gajjar', 'rekha.gajjar@yahoo.com', '2023-02-28', '2024-11-12', 'Bharuch'),
(14, 'Sunil Bhatt', 'sunil.bhatt@hotmail.com', '2023-06-14', '2024-12-03', 'Mehsana'),
(15, 'Geeta Parikh', 'geeta.parikh@gmail.com', '2023-10-22', '2024-11-20', 'Jamnagar'),
(16, 'Bhavin Doshi', 'bhavin.doshi@yahoo.com', '2024-01-15', '2024-12-01', 'Veraval'),
(17, 'Hetal Shukla', 'hetal.shukla@gmail.com', '2024-04-08', '2024-11-28', 'Porbandar'),
(18, 'Nirav Acharya', 'nirav.acharya@hotmail.com', '2024-07-25', '2024-12-05', 'Godhra'),
(19, 'Sejal Kapadia', 'sejal.kapadia@gmail.com', '2024-09-10', '2024-11-30', 'Dahod'),
(20, 'Kalpesh Solanki', 'kalpesh.solanki@yahoo.com', '2024-11-02', '2024-12-07', 'Botad'),
(21, 'Viral Panchal', 'viral.panchal@gmail.com', '2019-04-12', '2024-11-22', 'Ahmedabad'),
(22, 'Dimple Raval', 'dimple.raval@yahoo.com', '2019-07-18', '2024-10-28', 'Surat'),
(23, 'Chirag Mehta', 'chirag.mehta@gmail.com', '2019-10-25', '2024-12-04', 'Vadodara'),
(24, 'Bhavna Jani', 'bhavna.jani@hotmail.com', '2020-02-14', '2024-11-16', 'Rajkot'),
(25, 'Paresh Dalal', 'paresh.dalal@gmail.com', '2020-05-30', '2024-12-06', 'Gandhinagar'),
(26, 'Minal Vora', 'minal.vora@yahoo.com', '2020-09-08', '2024-10-20', 'Bhavnagar'),
(27, 'Jignesh Barot', 'jignesh.barot@gmail.com', '2021-01-22', '2024-11-24', 'Anand'),
(28, 'Rashmi Kothari', 'rashmi.kothari@hotmail.com', '2021-04-15', '2024-12-02', 'Junagadh'),
(29, 'Hardik Gohil', 'hardik.gohil@gmail.com', '2021-08-03', '2024-11-18', 'Morbi'),
(30, 'Shruti Makwana', 'shruti.makwana@yahoo.com', '2021-11-20', '2024-10-25', 'Nadiad'),
(31, 'Vishal Chauhan', 'vishal.chauhan@gmail.com', '2022-02-28', '2024-12-08', 'Palanpur'),
(32, 'Neha Brahmbhatt', 'neha.brahmbhatt@hotmail.com', '2022-06-12', '2024-11-14', 'Vapi'),
(33, 'Rajesh Kansara', 'rajesh.kansara@gmail.com', '2022-09-25', '2024-12-01', 'Bharuch'),
(34, 'Komal Sanghvi', 'komal.sanghvi@yahoo.com', '2022-12-18', '2024-11-27', 'Mehsana'),
(35, 'Amit Dholakia', 'amit.dholakia@gmail.com', '2023-03-10', '2024-10-30', 'Jamnagar'),
(36, 'Ritu Bhavsar', 'ritu.bhavsar@hotmail.com', '2023-07-05', '2024-12-05', 'Veraval'),
(37, 'Nilesh Rathod', 'nilesh.rathod@gmail.com', '2023-10-15', '2024-11-20', 'Porbandar'),
(38, 'Priyanka Vaghela', 'priyanka.vaghela@yahoo.com', '2024-01-08', '2024-12-03', 'Godhra'),
(39, 'Ketan Parmar', 'ketan.parmar@gmail.com', '2024-04-22', '2024-11-28', 'Dahod'),
(40, 'Swati Chaudhari', 'swati.chaudhari@hotmail.com', '2024-08-14', '2024-12-07', 'Botad'),
(41, 'Dhiren Soni', 'dhiren.soni@gmail.com', '2019-05-20', '2024-11-19', 'Ahmedabad'),
(42, 'Foram Naik', 'foram.naik@yahoo.com', '2019-08-30', '2024-10-26', 'Surat'),
(43, 'Gaurav Suthar', 'gaurav.suthar@gmail.com', '2019-12-05', '2024-12-04', 'Vadodara'),
(44, 'Hina Raghani', 'hina.raghani@hotmail.com', '2020-03-18', '2024-11-15', 'Rajkot'),
(45, 'Jigar Bhavsar', 'jigar.bhavsar@gmail.com', '2020-07-25', '2024-12-06', 'Gandhinagar'),
(46, 'Kinjal Vaidya', 'kinjal.vaidya@yahoo.com', '2020-11-12', '2024-10-22', 'Bhavnagar'),
(47, 'Lalit Gajjar', 'lalit.gajjar@gmail.com', '2021-02-28', '2024-11-25', 'Anand'),
(48, 'Meera Solanki', 'meera.solanki@hotmail.com', '2021-06-15', '2024-12-02', 'Junagadh'),
(49, 'Nikunj Prajapati', 'nikunj.prajapati@gmail.com', '2021-09-30', '2024-11-18', 'Morbi'),
(50, 'Ojas Thakkar', 'ojas.thakkar@yahoo.com', '2022-01-12', '2024-10-28', 'Nadiad'),
(51, 'Palak Joshi', 'palak.joshi@gmail.com', '2022-04-25', '2024-12-08', 'Palanpur'),
(52, 'Qasim Shaikh', 'qasim.shaikh@hotmail.com', '2022-08-08', '2024-11-12', 'Vapi'),
(53, 'Riddhi Pandya', 'riddhi.pandya@gmail.com', '2022-11-20', '2024-12-01', 'Bharuch'),
(54, 'Sagar Trivedi', 'sagar.trivedi@yahoo.com', '2023-02-15', '2024-11-26', 'Mehsana'),
(55, 'Tanvi Desai', 'tanvi.desai@gmail.com', '2023-05-30', '2024-10-31', 'Jamnagar'),
(56, 'Urvashi Amin', 'urvashi.amin@hotmail.com', '2023-09-12', '2024-12-05', 'Veraval'),
(57, 'Vipul Modi', 'vipul.modi@gmail.com', '2023-12-25', '2024-11-21', 'Porbandar'),
(58, 'Yash Choksi', 'yash.choksi@yahoo.com', '2024-03-10', '2024-12-03', 'Godhra'),
(59, 'Zinal Raval', 'zinal.raval@gmail.com', '2024-06-22', '2024-11-29', 'Dahod'),
(60, 'Arpit Bhatt', 'arpit.bhatt@hotmail.com', '2024-09-15', '2024-12-07', 'Botad'),
(61, 'Bhumika Gohel', 'bhumika.gohel@gmail.com', '2019-06-28', '2024-11-17', 'Ahmedabad'),
(62, 'Chintan Vyas', 'chintan.vyas@yahoo.com', '2019-09-14', '2024-10-24', 'Surat'),
(63, 'Darshan Panchal', 'darshan.panchal@gmail.com', '2020-01-20', '2024-12-04', 'Vadodara'),
(64, 'Ekta Raghani', 'ekta.raghani@hotmail.com', '2020-04-05', '2024-11-13', 'Rajkot'),
(65, 'Falgun Dalal', 'falgun.dalal@gmail.com', '2020-08-18', '2024-12-06', 'Gandhinagar'),
(66, 'Grishma Vora', 'grishma.vora@yahoo.com', '2020-12-02', '2024-10-20', 'Bhavnagar'),
(67, 'Harsh Barot', 'harsh.barot@gmail.com', '2021-03-15', '2024-11-23', 'Anand'),
(68, 'Isha Kothari', 'isha.kothari@hotmail.com', '2021-07-28', '2024-12-02', 'Junagadh'),
(69, 'Jatin Gohil', 'jatin.gohil@gmail.com', '2021-11-10', '2024-11-16', 'Morbi'),
(70, 'Khushi Makwana', 'khushi.makwana@yahoo.com', '2022-02-22', '2024-10-27', 'Nadiad'),
(71, 'Laxmi Chauhan', 'laxmi.chauhan@gmail.com', '2022-06-05', '2024-12-08', 'Palanpur'),
(72, 'Mayur Brahmbhatt', 'mayur.brahmbhatt@hotmail.com', '2022-09-18', '2024-11-11', 'Vapi'),
(73, 'Nayan Kansara', 'nayan.kansara@gmail.com', '2022-12-30', '2024-12-01', 'Bharuch'),
(74, 'Ovi Sanghvi', 'ovi.sanghvi@yahoo.com', '2023-04-12', '2024-11-24', 'Mehsana'),
(75, 'Parth Dholakia', 'parth.dholakia@gmail.com', '2023-08-25', '2024-10-29', 'Jamnagar'),
(76, 'Ravi Bhavsar', 'ravi.bhavsar@hotmail.com', '2023-11-08', '2024-12-05', 'Veraval'),
(77, 'Smit Rathod', 'smit.rathod@gmail.com', '2024-02-20', '2024-11-19', 'Porbandar'),
(78, 'Trupti Vaghela', 'trupti.vaghela@yahoo.com', '2024-05-15', '2024-12-03', 'Godhra'),
(79, 'Umang Parmar', 'umang.parmar@gmail.com', '2024-08-28', '2024-11-27', 'Dahod'),
(80, 'Vidhi Chaudhari', 'vidhi.chaudhari@hotmail.com', '2024-10-10', '2024-12-07', 'Botad'),
(81, 'Yuvraj Soni', 'yuvraj.soni@gmail.com', '2019-07-15', '2024-11-16', 'Ahmedabad'),
(82, 'Aarti Naik', 'aarti.naik@yahoo.com', '2019-10-28', '2024-10-23', 'Surat'),
(83, 'Bharat Suthar', 'bharat.suthar@gmail.com', '2020-02-10', '2024-12-04', 'Vadodara'),
(84, 'Chandni Raghani', 'chandni.raghani@hotmail.com', '2020-05-25', '2024-11-12', 'Rajkot'),
(85, 'Dev Bhavsar', 'dev.bhavsar@gmail.com', '2020-09-08', '2024-12-06', 'Gandhinagar'),
(86, 'Esha Vaidya', 'esha.vaidya@yahoo.com', '2021-01-20', '2024-10-21', 'Bhavnagar'),
(87, 'Fenil Gajjar', 'fenil.gajjar@gmail.com', '2021-04-05', '2024-11-22', 'Anand'),
(88, 'Gargi Solanki', 'gargi.solanki@hotmail.com', '2021-08-18', '2024-12-02', 'Junagadh'),
(89, 'Hemang Prajapati', 'hemang.prajapati@gmail.com', '2021-12-01', '2024-11-15', 'Morbi'),
(90, 'Ishita Thakkar', 'ishita.thakkar@yahoo.com', '2022-03-15', '2024-10-26', 'Nadiad'),
(91, 'Jay Joshi', 'jay.joshi@gmail.com', '2022-07-28', '2024-12-08', 'Palanpur'),
(92, 'Krupa Shaikh', 'krupa.shaikh@hotmail.com', '2022-10-10', '2024-11-10', 'Vapi'),
(93, 'Lopa Pandya', 'lopa.pandya@gmail.com', '2023-01-22', '2024-12-01', 'Bharuch'),
(94, 'Maulik Trivedi', 'maulik.trivedi@yahoo.com', '2023-05-05', '2024-11-23', 'Mehsana'),
(95, 'Nidhi Desai', 'nidhi.desai@gmail.com', '2023-08-18', '2024-10-30', 'Jamnagar'),
(96, 'Om Amin', 'om.amin@hotmail.com', '2023-12-01', '2024-12-05', 'Veraval'),
(97, 'Prachi Modi', 'prachi.modi@gmail.com', '2024-03-15', '2024-11-18', 'Porbandar'),
(98, 'Rishi Choksi', 'rishi.choksi@yahoo.com', '2024-06-28', '2024-12-03', 'Godhra'),
(99, 'Sonal Raval', 'sonal.raval@gmail.com', '2024-09-10', '2024-11-26', 'Dahod'),
(100, 'Tushar Bhatt', 'tushar.bhatt@hotmail.com', '2024-11-15', '2024-12-07', 'Botad'),
(101, 'Urvi Gohel', 'urvi.gohel@gmail.com', '2019-08-05', '2024-11-14', 'Ahmedabad'),
(102, 'Varun Vyas', 'varun.vyas@yahoo.com', '2019-11-18', '2024-10-22', 'Surat'),
(103, 'Wisha Panchal', 'wisha.panchal@gmail.com', '2020-03-02', '2024-12-04', 'Vadodara'),
(104, 'Yogi Raghani', 'yogi.raghani@hotmail.com', '2020-06-15', '2024-11-11', 'Rajkot'),
(105, 'Zeel Dalal', 'zeel.dalal@gmail.com', '2020-10-28', '2024-12-06', 'Gandhinagar'),
(106, 'Aakash Vora', 'aakash.vora@yahoo.com', '2021-02-10', '2024-10-19', 'Bhavnagar'),
(107, 'Binal Barot', 'binal.barot@gmail.com', '2021-05-25', '2024-11-21', 'Anand'),
(108, 'Chirag Kothari', 'chirag.kothari@hotmail.com', '2021-09-08', '2024-12-02', 'Junagadh'),
(109, 'Dhara Gohil', 'dhara.gohil@gmail.com', '2021-12-20', '2024-11-14', 'Morbi'),
(110, 'Eshaan Makwana', 'eshaan.makwana@yahoo.com', '2022-04-05', '2024-10-25', 'Nadiad'),
(111, 'Falguni Chauhan', 'falguni.chauhan@gmail.com', '2022-07-18', '2024-12-08', 'Palanpur'),
(112, 'Gagan Brahmbhatt', 'gagan.brahmbhatt@hotmail.com', '2022-11-01', '2024-11-09', 'Vapi'),
(113, 'Hetal Kansara', 'hetal.kansara@gmail.com', '2023-02-12', '2024-12-01', 'Bharuch'),
(114, 'Ishan Sanghvi', 'ishan.sanghvi@yahoo.com', '2023-06-25', '2024-11-22', 'Mehsana'),
(115, 'Jinal Dholakia', 'jinal.dholakia@gmail.com', '2023-10-08', '2024-10-28', 'Jamnagar'),
(116, 'Kiran Bhavsar', 'kiran.bhavsar@hotmail.com', '2024-01-20', '2024-12-05', 'Veraval'),
(117, 'Laxman Rathod', 'laxman.rathod@gmail.com', '2024-04-05', '2024-11-17', 'Porbandar'),
(118, 'Mansi Vaghela', 'mansi.vaghela@yahoo.com', '2024-07-18', '2024-12-03', 'Godhra'),
(119, 'Neel Parmar', 'neel.parmar@gmail.com', '2024-10-01', '2024-11-25', 'Dahod'),
(120, 'Opal Chaudhari', 'opal.chaudhari@hotmail.com', '2024-12-05', '2024-12-07', 'Botad');




INSERT INTO Customer_Phone (Customer_ID, Phone_No) VALUES
(1, '9844310220'),
(1, '8050800381'),
(2, '9466125711'),
(2, '8233743165'),
(3, '9229508288'),
(3, '9432237588'),
(4, '8136242575'),
(4, '9420287964'),
(5, '9853812562'),
(5, '9747280584'),
(6, '8609952360'),
(6, '9774860857'),
(7, '9791924321'),
(7, '8657525846'),
(8, '9369880680'),
(8, '9157844899'),
(9, '9549426869'),
(9, '9792122875'),
(10, '8517681201'),
(10, '8882778332'),
(11, '9724913601'),
(11, '9247068738'),
(12, '9789372474'),
(12, '8217405471'),
(13, '9770428626'),
(13, '9400563233'),
(14, '9229247214'),
(14, '8459392069'),
(15, '9162964337'),
(15, '8821964254'),
(16, '8828911878'),
(16, '8358314702'),
(17, '9400388615'),
(17, '8881600600'),
(18, '8862336743'),
(18, '8367288812'),
(19, '9306179095'),
(19, '8586746989'),
(20, '9927815085'),
(20, '8921216049'),
(21, '8073951467'),
(21, '8480316324'),
(22, '9621866258'),
(22, '8413202137'),
(23, '8132642025'),
(23, '9120703519'),
(24, '8332498190'),
(24, '9358306970'),
(25, '9920428238'),
(25, '8164499982'),
(26, '8448138923'),
(26, '8425825313'),
(27, '9516577648'),
(27, '8384541635'),
(28, '9633858461'),
(28, '9886235262'),
(29, '8718124906'),
(29, '8289580409'),
(30, '8602152250'),
(30, '9715562841'),
(31, '9913562047'),
(31, '8742517230'),
(32, '8616704275'),
(32, '9823655560'),
(33, '9682546532'),
(33, '8273668682'),
(34, '9215096534'),
(34, '9998558371'),
(35, '9223545070'),
(35, '9695602756'),
(36, '9725353975'),
(36, '9832609963'),
(37, '9227642277'),
(37, '8717974539'),
(38, '8888971651'),
(38, '9320312993'),
(39, '9610986549'),
(39, '9206468702'),
(40, '8078853730'),
(40, '9991304723'),
(41, '9366972198'),
(41, '9600888314'),
(42, '8038814760'),
(42, '9262227261'),
(43, '8434326633'),
(43, '8746282475'),
(44, '9469444446'),
(44, '9898336188'),
(45, '8342001656'),
(45, '8022949762'),
(46, '9114212143'),
(46, '8545605249'),
(47, '8453225524'),
(47, '9194553798'),
(48, '9116013534'),
(48, '9557526269'),
(49, '9657986892'),
(49, '9585637754'),
(50, '8641348782'),
(50, '9948765623'),
(51, '9484172803'),
(51, '8532208009'),
(52, '9355569574'),
(52, '9026897314'),
(53, '8774261212'),
(53, '8445768612'),
(54, '9341400886'),
(54, '8442931307'),
(55, '9398629568'),
(55, '8958612891'),
(56, '8854536993'),
(56, '8935047280'),
(57, '9868826249'),
(57, '9060865361'),
(58, '8320255576'),
(58, '9787456987'),
(59, '9024131389'),
(59, '9740759757'),
(60, '9757426900'),
(60, '9527712106'),
(61, '8628382465'),
(61, '9567262180'),
(62, '9940912716'),
(62, '9423348247'),
(63, '8029309302'),
(63, '8971507682'),
(64, '8351034222'),
(64, '9686200473'),
(65, '8741537727'),
(65, '9356548510'),
(66, '9320170760'),
(66, '9155375064'),
(67, '8791697016'),
(67, '9496770253'),
(68, '9127241211'),
(68, '8299292211'),
(69, '9650096317'),
(69, '8676172747'),
(70, '8683253059'),
(70, '8818918926'),
(71, '8018048141'),
(71, '8220313219'),
(72, '8395744722'),
(72, '8309631213'),
(73, '8402013621'),
(73, '9123840942'),
(74, '8521919379'),
(74, '9214757746'),
(75, '9379677218'),
(75, '9781305683'),
(76, '8510174301'),
(76, '9672659789'),
(77, '9592838379'),
(77, '9299852962'),
(78, '9921231992'),
(78, '8470469055'),
(79, '9301277805'),
(79, '9184031551'),
(80, '9525757162'),
(80, '8885869104'),
(81, '8903429796'),
(81, '8528983771'),
(82, '8486885254'),
(82, '9143499697'),
(83, '9874902128'),
(83, '9709751718'),
(84, '8029300777'),
(84, '9231319690'),
(85, '9763805831'),
(85, '9309728205'),
(86, '8623016432'),
(86, '9286705354'),
(87, '8258946478'),
(87, '9708184211'),
(88, '8655345921'),
(88, '8194428102'),
(89, '9825075190'),
(89, '9102778766'),
(90, '9373049311'),
(90, '9130759083'),
(91, '8461767354'),
(91, '8783441074'),
(92, '9217245151'),
(92, '9275257211'),
(93, '9567553535'),
(93, '9059200491'),
(94, '8521815900'),
(94, '9285272038'),
(95, '9615396801'),
(95, '9060319474'),
(96, '8746416414'),
(96, '9778422493'),
(97, '8360696865'),
(97, '9535356304'),
(98, '8117286880'),
(98, '8857478204'),
(99, '9569659740'),
(99, '9089380696'),
(100, '9786678415'),
(100, '9807167144'),
(101, '8059480280'),
(101, '8593246755'),
(102, '9840766800'),
(102, '8395896014'),
(103, '8631853091'),
(103, '9841804590'),
(104, '8167333820'),
(104, '8785647135'),
(105, '8564170595'),
(105, '8091876672'),
(106, '8301436589'),
(106, '9021120295'),
(107, '9068883385'),
(107, '8876610744'),
(108, '8611587582'),
(108, '9469232420'),
(109, '8407620077'),
(109, '9059862325'),
(110, '9085281576'),
(110, '9233879787'),
(111, '9481952829'),
(111, '9329292024'),
(112, '9003451806'),
(112, '8327888150'),
(113, '9682437368'),
(113, '9153577961'),
(114, '8678242647'),
(114, '9665602598'),
(115, '9045821125'),
(115, '9893814766'),
(116, '9407754026'),
(116, '8126542294'),
(117, '8029007052'),
(117, '9778886155'),
(118, '8851782404'),
(118, '8326016295'),
(119, '8239252299'),
(119, '9892552586'),
(120, '9115911871'),
(120, '9702684247');
